<?xml version="1.0" encoding="UTF-8"?>
<!--  
This file is part of the DITA Open Toolkit project.

Copyright 2011 Jarno Elovirta

See the accompanying LICENSE file for applicable license.
-->
<vars xmlns="http://www.idiominc.com/opentopic/vars">
  <variable id="Product Name"/>
  <variable id="Preface odd footer"/>
  <variable id="Toc odd header"><param ref-name="prodname"/> | <param ref-name="heading"/> | <param ref-name="pagenum"/></variable>
  <variable id="Body odd header"><param ref-name="prodname"/> | <param ref-name="heading"/> | <param ref-name="pagenum"/></variable>
  <variable id="Body first footer"/>
  <variable id="Ordered List Number"><param ref-name="number"/>. </variable>
  <variable id="Preface odd header"><param ref-name="prodname"/> | <variable id="Preface title"/> | <param ref-name="pagenum"/></variable>
  <variable id="Preface even header"><param ref-name="pagenum"/> | <variable id="Preface title"/> | <param ref-name="prodname"/></variable>
  <variable id="Table of Contents">Содержание</variable>
  <variable id="Index Continued String">продолжение</variable>
  <variable id="Index See String">, См. </variable>
  <variable id="Index See Also String">См. также </variable>
  <variable id="Table of Contents Chapter">Глава <param ref-name="number"/>. </variable>
  <variable id="Table of Contents Appendix">Приложение <param ref-name="number"/>. </variable>
  <variable id="Table of Contents Part">Часть <param ref-name="number"/>. </variable>
  <variable id="Table of Contents Preface">Предисловие: </variable>
  <variable id="Preface title">Предисловие</variable>
  <variable id="Notices title"><!--TODO:Notice--></variable>
  <variable id="Mini Toc"><!--TODO:Topics: --></variable>
  <variable id="Notice"><!--TODO:Notice--></variable>
  <variable id="Figure.title">Рисунок <param ref-name="number"/>. <param ref-name="title"/></variable>
  <variable id="Figure Number">Рисунок <param ref-name="number"/></variable>
  <variable id="Table.title">Таблица <param ref-name="number"/>. <param ref-name="title"/></variable>
  <variable id="Table Number">Таблица <param ref-name="number"/></variable>
  <variable id="Related Links"><!--TODO:Related Links--></variable>
  <variable id="Cross-Reference"/><!--UNUSED-->
  <variable id="Content-Reference"/><!--UNUSED-->
  <variable id="List item"><!--TODO:List item.--></variable>
  <variable id="Foot note"><!--TODO:Footnote.--></variable>
  <variable id="Navigation title"><!--TODO:Navigation title--></variable>
  <variable id="Search title"><!--TODO:Search title--></variable>
  <variable id="Chapter with number">Глава <param ref-name="number"/></variable>
  <variable id="Appendix with number">Приложение <param ref-name="number"/></variable>
  <variable id="Part with number">Часть <param ref-name="number"/></variable>
  <variable id="Required-Cleanup"><!--TODO:[Required-Cleanup]--></variable>
  <variable id="On the page"><!--TODO: on page <param ref-name="pagenum"/>--></variable>
  <variable id="Page"><!--TODO: page <param ref-name="pagenum"/>--></variable>
  <variable id="This link"/><!--UNUSED-->
  <variable id="Child topics"/><!--UNUSED-->
  <variable id="Related references">Ссылки, связанные с данной</variable><!--UNUSED-->
  <variable id="Optional Step">Необязательно:</variable>
  <variable id="Required Step">Обязательно:</variable>
  <variable id="Task Prereq"></variable>
  <variable id="Task Context"></variable>
  <variable id="Task Steps"></variable>
  <variable id="#steps-unordered-label"></variable>
  <variable id="Task Result"></variable>
  <variable id="Task Example"></variable>
  <variable id="Task Postreq"></variable>
  <variable id="Glossary">Глоссарий</variable>
  <variable id="List of Tables">Список таблиц</variable>
  <variable id="List of Figures">Список иллюстраций</variable>
</vars>
