<?xml version="1.0" encoding="UTF-8"?>
<!--   
This file is part of the DITA Open Toolkit project. 

Copyright 2006 IBM Corporation

See the accompanying LICENSE file for applicable license.
-->
<vars xmlns="http://www.idiominc.com/opentopic/vars">
  <variable id="Preface odd header"><param ref-name="prodname"/> | Прадмова | <param ref-name="pagenum"/></variable>
  <variable id="Preface even header"><param ref-name="pagenum"/> | Прадмова | <param ref-name="prodname"/></variable>
  <variable id="Table of Contents">Змест</variable>
  <variable id="Index Continued String">працяг</variable>
  <variable id="Index See String">, Гл. </variable>
  <variable id="Index See Also String">Гл. таксама </variable>
  <variable id="Table of Contents Chapter">Раздзел <param ref-name="number"/>: </variable>
  <variable id="Table of Contents Appendix">Дадатак <param ref-name="number"/>: </variable>
  <variable id="Table of Contents Part">Дэталь <param ref-name="number"/>: </variable>
  <variable id="Table of Contents Preface">Прадмова: </variable>
  <variable id="Preface title">Прадмова</variable>
  <variable id="Notices title">Notice</variable><!--TODO:Notices title-->
  <variable id="Mini Toc">Змест: </variable><!-- TODO: replace translation "Contents" with "Topics"-->
  <variable id="Notice">Notice</variable><!--TODO:Notice-->
  <variable id="Figure.title">Малюнак <param ref-name="number"/>: <param ref-name="title"/></variable>
  <variable id="Figure Number">Малюнак <param ref-name="number"/></variable>
  <variable id="Table.title">Табліца <param ref-name="number"/>: <param ref-name="title"/></variable>
  <variable id="Table Number">Табліца <param ref-name="number"/></variable>
  <variable id="Related Links">Адпаведная інфармацыя</variable>
  <variable id="Cross-Reference">Cross-Reference to:</variable><!--UNUSED-->
  <variable id="Content-Reference">Unresolved content reference to:</variable><!--UNUSED-->
  <variable id="List item">List item.</variable><!--TODO:List item-->
  <variable id="Foot note">Footnote.</variable><!--TODO:Footnote-->
  <variable id="Navigation title">Navigation title</variable><!--TODO:Navigation title-->
  <variable id="Search title">Search title</variable><!--TODO:Search title-->
  <variable id="Chapter with number">Раздзел <param ref-name="number"/></variable>
  <variable id="Appendix with number">Дадатак <param ref-name="number"/></variable>
  <variable id="Part with number">Дэталь <param ref-name="number"/></variable>
  <variable id="Required-Cleanup">[Патрэбна выпраўленне]</variable>
  <variable id="On the page"> на стар. <param ref-name="pagenum"/></variable>
  <variable id="Page"> Старонка <param ref-name="pagenum"/></variable>
  <variable id="This link"></variable><!--UNUSED-->
  <variable id="Child topics"></variable><!--UNUSED-->
  <variable id="Related references"></variable><!--UNUSED-->
  <variable id="Optional Step">Неабавазкова:</variable>
  <variable id="Required Step">Абавязкова:</variable>
  <variable id="Task Prereq"></variable>
  <variable id="Task Context"></variable>
  <variable id="Task Steps"></variable>
  <variable id="#steps-unordered-label"></variable>
  <variable id="Task Result"></variable>
  <variable id="Task Example"></variable>
  <variable id="Task Postreq"></variable>
  <variable id="Glossary">Гласарый</variable>
  <variable id="List of Tables">Табліцы</variable>
  <variable id="List of Figures">Малюнкі</variable>
</vars>
