<?xml version="1.0" encoding="UTF-8"?>
<!--   
This file is part of the DITA Open Toolkit project. 

Copyright 2006 IBM Corporation

See the accompanying LICENSE file for applicable license.
-->
<vars xmlns="http://www.idiominc.com/opentopic/vars">
  <variable id="Preface odd header"><param ref-name="prodname"/> | Úvod | <param ref-name="pagenum"/></variable>
  <variable id="Preface even header"><param ref-name="pagenum"/> | Úvod | <param ref-name="prodname"/></variable>
  <variable id="Table of Contents">Obsah</variable>
  <variable id="Index Continued String">pokračování</variable>
  <variable id="Index See String">, Viz </variable>
  <variable id="Index See Also String">Viz též </variable>
  <variable id="Table of Contents Chapter">Kapitola <param ref-name="number"/>: </variable>
  <variable id="Table of Contents Appendix">Dodatek <param ref-name="number"/>: </variable>
  <variable id="Table of Contents Part">Část <param ref-name="number"/>: </variable>
  <variable id="Table of Contents Preface">Úvod: </variable>
  <variable id="Preface title">Úvod</variable>
  <variable id="Notices title">Notice</variable><!--TODO:Notices title-->
  <variable id="Mini Toc">Obsah: </variable><!-- TODO: replace translation "Contents" with "Topics"-->
  <variable id="Notice">Notice</variable><!--TODO:Notice-->
  <variable id="Figure.title">Obrázek <param ref-name="number"/>: <param ref-name="title"/></variable>
  <variable id="Figure Number">Obrázek <param ref-name="number"/></variable>
  <variable id="Table.title">Tabulka <param ref-name="number"/>: <param ref-name="title"/></variable>
  <variable id="Table Number">Tabulka <param ref-name="number"/></variable>
  <variable id="Related Links">Související informace</variable>
  <variable id="Cross-Reference">Cross-Reference to:</variable><!--UNUSED-->
  <variable id="Content-Reference">Unresolved content reference to:</variable><!--UNUSED-->
  <variable id="List item">List item.</variable><!--TODO:List item-->
  <variable id="Foot note">Footnote.</variable><!--TODO:Footnote-->
  <variable id="Navigation title">Navigation title</variable><!--TODO:Navigation title-->
  <variable id="Search title">Search title</variable><!--TODO:Search title-->
  <variable id="Chapter with number">Kapitola <param ref-name="number"/></variable>
  <variable id="Appendix with number">Dodatek <param ref-name="number"/></variable>
  <variable id="Part with number">Část <param ref-name="number"/></variable>
  <variable id="Required-Cleanup">[Nutno opravit]</variable>
  <variable id="On the page"> na stránce <param ref-name="pagenum"/></variable>
  <variable id="Page"> stránka <param ref-name="pagenum"/></variable>
  <variable id="This link"></variable><!--UNUSED-->
  <variable id="Child topics"></variable><!--UNUSED-->
  <variable id="Related references"></variable><!--UNUSED-->
  <variable id="Optional Step">Volitelné:</variable>
  <variable id="Required Step">Požadované:</variable>
  <variable id="Task Prereq"></variable>
  <variable id="Task Context"></variable>
  <variable id="Task Steps"></variable>
  <variable id="#steps-unordered-label"></variable>
  <variable id="Task Result"></variable>
  <variable id="Task Example"></variable>
  <variable id="Task Postreq"></variable>
  <variable id="Glossary">Slovníček</variable>
  <variable id="List of Tables">Tabulky</variable>
  <variable id="List of Figures">Obrázky</variable>
</vars>
