<?xml version="1.0" encoding="UTF-8"?>
<!--   
This file is part of the DITA Open Toolkit project. 

Copyright 2006 IBM Corporation

See the accompanying LICENSE file for applicable license.
-->
<vars xmlns="http://www.idiominc.com/opentopic/vars">
  <variable id="Preface odd header"><param ref-name="prodname"/> | Πρόλογος | <param ref-name="pagenum"/></variable>
  <variable id="Preface even header"><param ref-name="pagenum"/> | Πρόλογος | <param ref-name="prodname"/></variable>
  <variable id="Table of Contents">Περιεχόμενα</variable>
  <variable id="Index Continued String">συνέχεια</variable>
  <variable id="Index See String">, Βλ. </variable>
  <variable id="Index See Also String">Βλ. επίσης </variable>
  <variable id="Table of Contents Chapter">Κεϕάλαιο <param ref-name="number"/>: </variable>
  <variable id="Table of Contents Appendix">Παράρτημα <param ref-name="number"/>: </variable>
  <variable id="Table of Contents Part">Μέρος <param ref-name="number"/>: </variable>
  <variable id="Table of Contents Preface">Πρόλογος: </variable>
  <variable id="Preface title">Πρόλογος</variable>
  <variable id="Notices title">Notice</variable><!--TODO:Notices title-->
  <variable id="Mini Toc">Περιεχόμενα: </variable><!-- TODO: replace translation "Contents" with "Topics"-->
  <variable id="Notice">Notice</variable><!--TODO:Notice-->
  <variable id="Figure.title">Σχήμα <param ref-name="number"/>: <param ref-name="title"/></variable>
  <variable id="Figure Number">Σχήμα <param ref-name="number"/></variable>
  <variable id="Table.title">Πίνακας <param ref-name="number"/>: <param ref-name="title"/></variable>
  <variable id="Table Number">Πίνακας <param ref-name="number"/></variable>
  <variable id="Related Links">Συναφείς πληροφορίες</variable>
  <variable id="Cross-Reference">Cross-Reference to:</variable><!--UNUSED-->
  <variable id="Content-Reference">Unresolved content reference to:</variable><!--UNUSED-->
  <variable id="List item">List item.</variable><!--TODO:List item-->
  <variable id="Foot note">Footnote.</variable><!--TODO:Footnote-->
  <variable id="Navigation title">Navigation title</variable><!--TODO:Navigation title-->
  <variable id="Search title">Search title</variable><!--TODO:Search title-->
  <variable id="Chapter with number">Κεϕάλαιο <param ref-name="number"/></variable>
  <variable id="Appendix with number">Παράρτημα <param ref-name="number"/></variable>
  <variable id="Part with number">Μέρος <param ref-name="number"/></variable>
  <variable id="Required-Cleanup">[Απαιτείται διόρθωση]</variable>
  <variable id="On the page"> στη σελίδα <param ref-name="pagenum"/></variable>
  <variable id="Page"> Σελίδα <param ref-name="pagenum"/></variable>
  <variable id="This link"></variable><!--UNUSED-->
  <variable id="Child topics"></variable><!--UNUSED-->
  <variable id="Related references"></variable><!--UNUSED-->
  <variable id="Optional Step">Προαιρετικά:</variable>
  <variable id="Required Step">Απαιτείται:</variable>
  <variable id="Task Prereq"></variable>
  <variable id="Task Context"></variable>
  <variable id="Task Steps"></variable>
  <variable id="#steps-unordered-label"></variable>
  <variable id="Task Result"></variable>
  <variable id="Task Example"></variable>
  <variable id="Task Postreq"></variable>
  <variable id="Glossary">Γλωσσάρι</variable>
  <variable id="List of Tables">Πίνακες</variable>
  <variable id="List of Figures">Σχήματα</variable>
</vars>
