<?xml version="1.0" encoding="UTF-8"?>
<!--   
This file is part of the DITA Open Toolkit project. 

Copyright 2006 IBM Corporation

See the accompanying LICENSE file for applicable license.
-->
<vars xmlns="http://www.idiominc.com/opentopic/vars">
  <variable id="Preface odd header"><param ref-name="prodname"/> | Eessõna | <param ref-name="pagenum"/></variable>
  <variable id="Preface even header"><param ref-name="pagenum"/> | Eessõna | <param ref-name="prodname"/></variable>
  <variable id="Table of Contents">Sisukord</variable>
  <variable id="Index Continued String">jätkub</variable>
  <variable id="Index See String">, Vt </variable>
  <variable id="Index See Also String">Vt ka </variable>
  <variable id="Table of Contents Chapter">Peatükk <param ref-name="number"/>: </variable>
  <variable id="Table of Contents Appendix">Lisa <param ref-name="number"/>: </variable>
  <variable id="Table of Contents Part">Osa <param ref-name="number"/>: </variable>
  <variable id="Table of Contents Preface">Eessõna: </variable>
  <variable id="Preface title">Eessõna</variable>
  <variable id="Notices title">Notice</variable><!--TODO:Notices title-->
  <variable id="Mini Toc">Sisukord: </variable><!-- TODO: replace translation "Contents" with "Topics"-->
  <variable id="Notice">Notice</variable><!--TODO:Notice-->
  <variable id="Figure.title">Joonis <param ref-name="number"/>: <param ref-name="title"/></variable>
  <variable id="Figure Number">Joonis <param ref-name="number"/></variable>
  <variable id="Table.title">Tabel <param ref-name="number"/>: <param ref-name="title"/></variable>
  <variable id="Table Number">Tabel <param ref-name="number"/></variable>
  <variable id="Related Links">Seostuv teave</variable>
  <variable id="Cross-Reference">Cross-Reference to:</variable><!--UNUSED-->
  <variable id="Content-Reference">Unresolved content reference to:</variable><!--UNUSED-->
  <variable id="List item">List item.</variable><!--TODO:List item-->
  <variable id="Foot note">Footnote.</variable><!--TODO:Footnote-->
  <variable id="Navigation title">Navigation title</variable><!--TODO:Navigation title-->
  <variable id="Search title">Search title</variable><!--TODO:Search title-->
  <variable id="Chapter with number">Peatükk <param ref-name="number"/></variable>
  <variable id="Appendix with number">Lisa <param ref-name="number"/></variable>
  <variable id="Part with number">Osa <param ref-name="number"/></variable>
  <variable id="Required-Cleanup">[Puhastus nõutav]</variable>
  <variable id="On the page"> leheküljel <param ref-name="pagenum"/></variable>
  <variable id="Page"> lehekülg <param ref-name="pagenum"/></variable>
  <variable id="This link"></variable><!--UNUSED-->
  <variable id="Child topics"></variable><!--UNUSED-->
  <variable id="Related references"></variable><!--UNUSED-->
  <variable id="Optional Step">Mittenõutav:</variable>
  <variable id="Required Step">Nõutav:</variable>
  <variable id="Task Prereq"></variable>
  <variable id="Task Context"></variable>
  <variable id="Task Steps"></variable>
  <variable id="#steps-unordered-label"></variable>
  <variable id="Task Result"></variable>
  <variable id="Task Example"></variable>
  <variable id="Task Postreq"></variable>
  <variable id="Glossary">Sõnastik</variable>
  <variable id="List of Tables">Tabelid</variable>
  <variable id="List of Figures">Joonised</variable>
</vars>
