<?xml version="1.0" encoding="UTF-8"?>
<!--   
This file is part of the DITA Open Toolkit project. 

Copyright 2006 IBM Corporation

See the accompanying LICENSE file for applicable license.
-->
<vars xmlns="http://www.idiominc.com/opentopic/vars">
  <variable id="Preface odd header"><param ref-name="prodname"/> | Formáli | <param ref-name="pagenum"/></variable>
  <variable id="Preface even header"><param ref-name="pagenum"/> | Formáli | <param ref-name="prodname"/></variable>
  <variable id="Table of Contents">Efnisyfirlit</variable>
  <variable id="Index Continued String">framhald</variable>
  <variable id="Index See String">, Sjá </variable>
  <variable id="Index See Also String">Sjá einnig </variable>
  <variable id="Table of Contents Chapter"><param ref-name="number"/>. kafli</variable>
  <variable id="Table of Contents Appendix">Viðauki <param ref-name="number"/>: </variable>
  <variable id="Table of Contents Part">Hluti <param ref-name="number"/>: </variable>
  <variable id="Table of Contents Preface">Formáli: </variable>
  <variable id="Preface title">Formáli</variable>
  <variable id="Notices title">Notice</variable><!--TODO:Notices title-->
  <variable id="Mini Toc">Efnisyfirlit: </variable><!-- TODO: replace translation "Contents" with "Topics"-->
  <variable id="Notice">Notice</variable><!--TODO:Notice-->
  <variable id="Figure.title">Mynd <param ref-name="number"/>: <param ref-name="title"/></variable>
  <variable id="Figure Number">Mynd <param ref-name="number"/></variable>
  <variable id="Table.title">Tafla <param ref-name="number"/>: <param ref-name="title"/></variable>
  <variable id="Table Number">Tafla <param ref-name="number"/></variable>
  <variable id="Related Links">Skyldar upplýsingar</variable>
  <variable id="Cross-Reference">Cross-Reference to:</variable><!--UNUSED-->
  <variable id="Content-Reference">Unresolved content reference to:</variable><!--UNUSED-->
  <variable id="List item">List item.</variable><!--TODO:List item-->
  <variable id="Foot note">Footnote.</variable><!--TODO:Footnote-->
  <variable id="Navigation title">Navigation title</variable><!--TODO:Navigation title-->
  <variable id="Search title">Search title</variable><!--TODO:Search title-->
  <variable id="Chapter with number"><param ref-name="number"/>. kafli</variable>
  <variable id="Appendix with number">Viðauki <param ref-name="number"/></variable>
  <variable id="Part with number">Hluti <param ref-name="number"/></variable>
  <variable id="Required-Cleanup">[Nauðsynleg hreinsun]</variable>
  <variable id="On the page"> á blaðsíðu <param ref-name="pagenum"/></variable>
  <variable id="Page"> Síða <param ref-name="pagenum"/></variable>
  <variable id="This link"></variable><!--UNUSED-->
  <variable id="Child topics"></variable><!--UNUSED-->
  <variable id="Related references"></variable><!--UNUSED-->
  <variable id="Optional Step">Valfrjáls:</variable>
  <variable id="Required Step">Tilskilið:</variable>
  <variable id="Task Prereq"></variable>
  <variable id="Task Context"></variable>
  <variable id="Task Steps"></variable>
  <variable id="#steps-unordered-label"></variable>
  <variable id="Task Result"></variable>
  <variable id="Task Example"></variable>
  <variable id="Task Postreq"></variable>
  <variable id="Glossary">Orðskýringar</variable>
  <variable id="List of Tables">Töflur</variable>
  <variable id="List of Figures">Myndir</variable>
</vars>
