<?xml version="1.0" encoding="UTF-8"?>
<!--   
This file is part of the DITA Open Toolkit project. 

Copyright 2006 IBM Corporation

See the accompanying LICENSE file for applicable license.
-->
<vars xmlns="http://www.idiominc.com/opentopic/vars">
  <variable id="Preface odd header"><param ref-name="prodname"/> | Predhovor | <param ref-name="pagenum"/></variable>
  <variable id="Preface even header"><param ref-name="pagenum"/> | Predhovor | <param ref-name="prodname"/></variable>
  <variable id="Table of Contents">Obsah</variable>
  <variable id="Index Continued String">pokračovaný</variable>
  <variable id="Index See String">, Pozri </variable>
  <variable id="Index See Also String">Pozri tiež </variable>
  <variable id="Table of Contents Chapter">Kapitola <param ref-name="number"/>: </variable>
  <variable id="Table of Contents Appendix">Príloha <param ref-name="number"/>: </variable>
  <variable id="Table of Contents Part">Časť <param ref-name="number"/>: </variable>
  <variable id="Table of Contents Preface">Predhovor: </variable>
  <variable id="Preface title">Predhovor</variable>
  <variable id="Notices title">Notice</variable><!--TODO:Notices title-->
  <variable id="Mini Toc">Obsah: </variable><!-- TODO: replace translation "Contents" with "Topics"-->
  <variable id="Notice">Notice</variable><!--TODO:Notice-->
  <variable id="Figure.title">Obrázok <param ref-name="number"/>: <param ref-name="title"/></variable>
  <variable id="Figure Number">Obrázok <param ref-name="number"/></variable>
  <variable id="Table.title">Tabuľka <param ref-name="number"/>: <param ref-name="title"/></variable>
  <variable id="Table Number">Tabuľka <param ref-name="number"/></variable>
  <variable id="Related Links">Súvisiace informácie</variable>
  <variable id="Cross-Reference">Cross-Reference to:</variable><!--UNUSED-->
  <variable id="Content-Reference">Unresolved content reference to:</variable><!--UNUSED-->
  <variable id="List item">List item.</variable><!--TODO:List item-->
  <variable id="Foot note">Footnote.</variable><!--TODO:Footnote-->
  <variable id="Navigation title">Navigation title</variable><!--TODO:Navigation title-->
  <variable id="Search title">Search title</variable><!--TODO:Search title-->
  <variable id="Chapter with number">Kapitola <param ref-name="number"/></variable>
  <variable id="Appendix with number">Príloha <param ref-name="number"/></variable>
  <variable id="Part with number">Časť <param ref-name="number"/></variable>
  <variable id="Required-Cleanup">[Požadované čistenie]</variable>
  <variable id="On the page"> na strane <param ref-name="pagenum"/></variable>
  <variable id="Page"> strana <param ref-name="pagenum"/></variable>
  <variable id="This link"></variable><!--UNUSED-->
  <variable id="Child topics"></variable><!--UNUSED-->
  <variable id="Related references"></variable><!--UNUSED-->
  <variable id="Optional Step">Voliteľný:</variable>
  <variable id="Required Step">Požadovaný:</variable>
  <variable id="Task Prereq"></variable>
  <variable id="Task Context"></variable>
  <variable id="Task Steps"></variable>
  <variable id="#steps-unordered-label"></variable>
  <variable id="Task Result"></variable>
  <variable id="Task Example"></variable>
  <variable id="Task Postreq"></variable>
  <variable id="Glossary">Glosár</variable>
  <variable id="List of Tables">Tabuľky</variable>
  <variable id="List of Figures">Obrázky</variable>
</vars>
