<?xml version="1.0"?>

<!-- 
This file is part of the DITA Open Toolkit project.
See the accompanying license.txt file for applicable licenses.
-->

<index.configuration.set>
    <index.configuration>
        <language>el</language>
        <index.groups>
            <index.group>
                <group.key>Specials</group.key>
                <group.label>Ειδικοί χαρακτήρες</group.label>
                <group.members>
                    <char.set>\</char.set>
                    <char.set>`</char.set>
                    <char.set>~</char.set>
                    <char.set>!</char.set>
                    <char.set>@</char.set>
                    <char.set>#</char.set>
                    <char.set>$</char.set>
                    <char.set>%</char.set>
                    <char.set>^</char.set>
                    <char.set>&amp;</char.set>
                    <char.set>*</char.set>
                    <char.set>(</char.set>
                    <char.set>)</char.set>
                    <char.set>_</char.set>
                    <char.set>-</char.set>
                    <char.set>=</char.set>
                    <char.set>+</char.set>
                    <char.set>'</char.set>
                    <char.set>"</char.set>
                    <char.set>;</char.set>
                    <char.set>:</char.set>
                    <char.set>&lt;</char.set>
                    <char.set>&gt;</char.set>
                    <char.set>.</char.set>
                    <char.set>,</char.set>
                    <char.set>/</char.set>
                    <char.set>?</char.set>
                    <char.set>[</char.set>
                    <char.set>]</char.set>
                    <char.set>{</char.set>
                    <char.set>}</char.set>
                    <char.set>|</char.set>
                </group.members>
            </index.group>
            <index.group>
                <group.key>Numbers</group.key>
                <group.label>Αριθμοί</group.label>
                <group.members>
                    <char.set>0</char.set>
                    <char.set>０</char.set>
                    <char.set>1</char.set>
                    <char.set>１</char.set>
                    <char.set>2</char.set>
                    <char.set>２</char.set>
                    <char.set>3</char.set>
                    <char.set>３</char.set>
                    <char.set>4</char.set>
                    <char.set>４</char.set>
                    <char.set>5</char.set>
                    <char.set>５</char.set>
                    <char.set>6</char.set>
                    <char.set>６</char.set>
                    <char.set>7</char.set>
                    <char.set>７</char.set>
                    <char.set>8</char.set>
                    <char.set>８</char.set>
                    <char.set>9</char.set>
                    <char.set>９</char.set>
                </group.members>
            </index.group>
            <index.group>
                <group.key>A</group.key>
                <group.label>A</group.label>
                <group.members>
                    <char.set>A</char.set>
                    <char.set>a</char.set>
                </group.members>
            </index.group>
            <index.group>
                <group.key>B</group.key>
                <group.label>B</group.label>
                <group.members>
                    <char.set>B</char.set>
                    <char.set>b</char.set>
                </group.members>
            </index.group>
            <index.group>
                <group.key>C</group.key>
                <group.label>C</group.label>
                <group.members>
                    <char.set>C</char.set>
                    <char.set>c</char.set>
                </group.members>
            </index.group>
            <index.group>
                <group.key>D</group.key>
                <group.label>D</group.label>
                <group.members>
                    <char.set>D</char.set>
                    <char.set>d</char.set>
                </group.members>
            </index.group>
            <index.group>
                <group.key>E</group.key>
                <group.label>E</group.label>
                <group.members>
                    <char.set>E</char.set>
                    <char.set>e</char.set>
                </group.members>
            </index.group>
            <index.group>
                <group.key>F</group.key>
                <group.label>F</group.label>
                <group.members>
                    <char.set>F</char.set>
                    <char.set>f</char.set>
                </group.members>
            </index.group>
            <index.group>
                <group.key>G</group.key>
                <group.label>G</group.label>
                <group.members>
                    <char.set>G</char.set>
                    <char.set>g</char.set>
                </group.members>
            </index.group>
            <index.group>
                <group.key>H</group.key>
                <group.label>H</group.label>
                <group.members>
                    <char.set>H</char.set>
                    <char.set>h</char.set>
                </group.members>
            </index.group>
            <index.group>
                <group.key>I</group.key>
                <group.label>I</group.label>
                <group.members>
                    <char.set>I</char.set>
                    <char.set>i</char.set>
                </group.members>
            </index.group>
            <index.group>
                <group.key>J</group.key>
                <group.label>J</group.label>
                <group.members>
                    <char.set>J</char.set>
                    <char.set>j</char.set>
                </group.members>
            </index.group>
            <index.group>
                <group.key>K</group.key>
                <group.label>K</group.label>
                <group.members>
                    <char.set>K</char.set>
                    <char.set>k</char.set>
                </group.members>
            </index.group>
            <index.group>
                <group.key>L</group.key>
                <group.label>L</group.label>
                <group.members>
                    <char.set>L</char.set>
                    <char.set>l</char.set>
                </group.members>
            </index.group>
            <index.group>
                <group.key>M</group.key>
                <group.label>M</group.label>
                <group.members>
                    <char.set>M</char.set>
                    <char.set>m</char.set>
                </group.members>
            </index.group>
            <index.group>
                <group.key>N</group.key>
                <group.label>N</group.label>
                <group.members>
                    <char.set>N</char.set>
                    <char.set>n</char.set>
                </group.members>
            </index.group>
            <index.group>
                <group.key>O</group.key>
                <group.label>O</group.label>
                <group.members>
                    <char.set>O</char.set>
                    <char.set>o</char.set>
                </group.members>
            </index.group>
            <index.group>
                <group.key>P</group.key>
                <group.label>P</group.label>
                <group.members>
                    <char.set>P</char.set>
                    <char.set>p</char.set>
                </group.members>
            </index.group>
            <index.group>
                <group.key>Q</group.key>
                <group.label>Q</group.label>
                <group.members>
                    <char.set>Q</char.set>
                    <char.set>q</char.set>
                </group.members>
            </index.group>
            <index.group>
                <group.key>R</group.key>
                <group.label>R</group.label>
                <group.members>
                    <char.set>R</char.set>
                    <char.set>r</char.set>
                </group.members>
            </index.group>
            <index.group>
                <group.key>S</group.key>
                <group.label>S</group.label>
                <group.members>
                    <char.set>S</char.set>
                    <char.set>s</char.set>
                </group.members>
            </index.group>
            <index.group>
                <group.key>T</group.key>
                <group.label>T</group.label>
                <group.members>
                    <char.set>T</char.set>
                    <char.set>t</char.set>
                </group.members>
            </index.group>
            <index.group>
                <group.key>U</group.key>
                <group.label>U</group.label>
                <group.members>
                    <char.set>U</char.set>
                    <char.set>u</char.set>
                </group.members>
            </index.group>
            <index.group>
                <group.key>V</group.key>
                <group.label>V</group.label>
                <group.members>
                    <char.set>V</char.set>
                    <char.set>v</char.set>
                </group.members>
            </index.group>
            <index.group>
                <group.key>W</group.key>
                <group.label>W</group.label>
                <group.members>
                    <char.set>W</char.set>
                    <char.set>w</char.set>
                </group.members>
            </index.group>
            <index.group>
                <group.key>X</group.key>
                <group.label>X</group.label>
                <group.members>
                    <char.set>X</char.set>
                    <char.set>x</char.set>
                </group.members>
            </index.group>
            <index.group>
                <group.key>Y</group.key>
                <group.label>Y</group.label>
                <group.members>
                    <char.set>Y</char.set>
                    <char.set>y</char.set>
                </group.members>
            </index.group>
            <index.group>
                <group.key>Z</group.key>
                <group.label>Z</group.label>
                <group.members>
                    <char.set>Z</char.set>
                    <char.set>z</char.set>
                </group.members>
            </index.group>
            <index.group>
      <group.key>Α</group.key>
      <group.label>Α</group.label>
      <group.members>
         <char.set>α</char.set>
         <char.set>Α</char.set>
         <char.set>ά</char.set>
         <char.set>Ά</char.set>
      </group.members>
   </index.group>
   <index.group>
      <group.key>Β</group.key>
      <group.label>Β</group.label>
      <group.members>
         <char.set>β</char.set>
         <char.set>Β</char.set>
      </group.members>
   </index.group>
   <index.group>
      <group.key>Γ</group.key>
      <group.label>Γ</group.label>
      <group.members>
         <char.set>γ</char.set>
         <char.set>Γ</char.set>
      </group.members>
   </index.group>
   <index.group>
      <group.key>Δ</group.key>
      <group.label>Δ</group.label>
      <group.members>
         <char.set>δ</char.set>
         <char.set>Δ</char.set>
      </group.members>
   </index.group>
   <index.group>
      <group.key>Ε</group.key>
      <group.label>Ε</group.label>
      <group.members>
         <char.set>ε</char.set>
         <char.set>Ε</char.set>
         <char.set>έ</char.set>
         <char.set>Έ</char.set>
      </group.members>
   </index.group>
   <index.group>
      <group.key>Ζ</group.key>
      <group.label>Ζ</group.label>
      <group.members>
         <char.set>ζ</char.set>
         <char.set>Ζ</char.set>
      </group.members>
   </index.group>
   <index.group>
      <group.key>Η</group.key>
      <group.label>Η</group.label>
      <group.members>
         <char.set>η</char.set>
         <char.set>Η</char.set>
         <char.set>ή</char.set>
         <char.set>Ή</char.set>
      </group.members>
   </index.group>
   <index.group>
      <group.key>Θ</group.key>
      <group.label>Θ</group.label>
      <group.members>
         <char.set>θ</char.set>
         <char.set>Θ</char.set>
      </group.members>
   </index.group>
   <index.group>
      <group.key>Ι</group.key>
      <group.label>Ι</group.label>
      <group.members>
         <char.set>ι</char.set>
         <char.set>Ι</char.set>
         <char.set>ί</char.set>
         <char.set>Ί</char.set>
         <char.set>ϊ</char.set>
         <char.set>Ϊ</char.set>
         <char.set>ΐ</char.set>
      </group.members>
   </index.group>
   <index.group>
      <group.key>Κ</group.key>
      <group.label>Κ</group.label>
      <group.members>
         <char.set>κ</char.set>
         <char.set>Κ</char.set>
      </group.members>
   </index.group>
   <index.group>
      <group.key>Λ</group.key>
      <group.label>Λ</group.label>
      <group.members>
         <char.set>λ</char.set>
         <char.set>Λ</char.set>
      </group.members>
   </index.group>
   <index.group>
      <group.key>Μ</group.key>
      <group.label>Μ</group.label>
      <group.members>
         <char.set>μ</char.set>
         <char.set>Μ</char.set>
      </group.members>
   </index.group>
   <index.group>
      <group.key>Ν</group.key>
      <group.label>Ν</group.label>
      <group.members>
         <char.set>ν</char.set>
         <char.set>Ν</char.set>
      </group.members>
   </index.group>
   <index.group>
      <group.key>Ξ</group.key>
      <group.label>Ξ</group.label>
      <group.members>
         <char.set>ξ</char.set>
         <char.set>Ξ</char.set>
      </group.members>
   </index.group>
   <index.group>
      <group.key>Ο</group.key>
      <group.label>Ο</group.label>
      <group.members>
         <char.set>ο</char.set>
         <char.set>Ο</char.set>
         <char.set>ό</char.set>
         <char.set>Ό</char.set>
      </group.members>
   </index.group>
   <index.group>
      <group.key>Π</group.key>
      <group.label>Π</group.label>
      <group.members>
         <char.set>π</char.set>
         <char.set>Π</char.set>
      </group.members>
   </index.group>
   <index.group>
      <group.key>Ρ</group.key>
      <group.label>Ρ</group.label>
      <group.members>
         <char.set>ρ</char.set>
         <char.set>Ρ</char.set>
      </group.members>
   </index.group>
   <index.group>
      <group.key>Σ</group.key>
      <group.label>Σ</group.label>
      <group.members>
         <char.set>σ</char.set>
         <char.set>Σ</char.set>
         <char.set>ς</char.set>
      </group.members>
   </index.group>
   <index.group>
      <group.key>Τ</group.key>
      <group.label>Τ</group.label>
      <group.members>
         <char.set>τ</char.set>
         <char.set>Τ</char.set>
      </group.members>
   </index.group>
   <index.group>
      <group.key>Υ</group.key>
      <group.label>Υ</group.label>
      <group.members>
         <char.set>υ</char.set>
         <char.set>Υ</char.set>
         <char.set>ύ</char.set>
         <char.set>Ύ</char.set>
         <char.set>ϋ</char.set>
         <char.set>Ϋ</char.set>
         <char.set>ΰ</char.set>
      </group.members>
   </index.group>
   <index.group>
      <group.key>Φ</group.key>
      <group.label>Φ</group.label>
      <group.members>
         <char.set>φ</char.set>
         <char.set>Φ</char.set>
      </group.members>
   </index.group>
   <index.group>
      <group.key>Χ</group.key>
      <group.label>Χ</group.label>
      <group.members>
         <char.set>χ</char.set>
         <char.set>Χ</char.set>
      </group.members>
   </index.group>
   <index.group>
      <group.key>Ψ</group.key>
      <group.label>Ψ</group.label>
      <group.members>
         <char.set>ψ</char.set>
         <char.set>Ψ</char.set>
      </group.members>
   </index.group>
   <index.group>
      <group.key>Ω</group.key>
      <group.label>Ω</group.label>
      <group.members>
         <char.set>ω</char.set>
         <char.set>Ω</char.set>
         <char.set>ώ</char.set>
         <char.set>Ώ</char.set>
      </group.members>
   </index.group>
        </index.groups>
    </index.configuration>
</index.configuration.set>