<?xml version="1.0" encoding="UTF-8"?>
<!--
  This file is part of the DITA Open Toolkit project.
  See the accompanying license.txt file for applicable licenses.
-->
<index.configuration.set>
  <index.configuration>
    <language>he</language>
    <index.groups>
      <index.group>
        <group.key>Specials</group.key>
        <group.label>תווים מיוחדים</group.label>
        <group.members>
          <char.set>\</char.set>
          <char.set>`</char.set>
          <char.set>~</char.set>
          <char.set>!</char.set>
          <char.set>@</char.set>
          <char.set>#</char.set>
          <char.set>$</char.set>
          <char.set>%</char.set>
          <char.set>^</char.set>
          <char.set>&amp;</char.set>
          <char.set>*</char.set>
          <char.set>(</char.set>
          <char.set>)</char.set>
          <char.set>_</char.set>
          <char.set>-</char.set>
          <char.set>=</char.set>
          <char.set>+</char.set>
          <char.set>'</char.set>
          <char.set>"</char.set>
          <char.set>;</char.set>
          <char.set>:</char.set>
          <char.set>&lt;</char.set>
          <char.set>&gt;</char.set>
          <char.set>.</char.set>
          <char.set>,</char.set>
          <char.set>/</char.set>
          <char.set>?</char.set>
          <char.set>[</char.set>
          <char.set>]</char.set>
          <char.set>{</char.set>
          <char.set>}</char.set>
          <char.set>|</char.set>
        </group.members>
      </index.group>
      <index.group>
        <group.key>Numbers</group.key>
        <group.label>מספרים</group.label>
        <group.members>
          <char.set>0</char.set>
          <char.set>０</char.set>
          <char.set>1</char.set>
          <char.set>１</char.set>
          <char.set>2</char.set>
          <char.set>２</char.set>
          <char.set>3</char.set>
          <char.set>３</char.set>
          <char.set>4</char.set>
          <char.set>４</char.set>
          <char.set>5</char.set>
          <char.set>５</char.set>
          <char.set>6</char.set>
          <char.set>６</char.set>
          <char.set>7</char.set>
          <char.set>７</char.set>
          <char.set>8</char.set>
          <char.set>８</char.set>
          <char.set>9</char.set>
          <char.set>９</char.set>
        </group.members>
      </index.group>
      <index.group>
        <group.key>A</group.key>
        <group.label>A</group.label>
        <group.members>
          <char.set>a</char.set>
          <char.set>A</char.set>
        </group.members>
      </index.group>
      <index.group>
        <group.key>B</group.key>
        <group.label>B</group.label>
        <group.members>
          <char.set>b</char.set>
          <char.set>B</char.set>
        </group.members>
      </index.group>
      <index.group>
        <group.key>C</group.key>
        <group.label>C</group.label>
        <group.members>
          <char.set>c</char.set>
          <char.set>C</char.set>
        </group.members>
      </index.group>
      <index.group>
        <group.key>D</group.key>
        <group.label>D</group.label>
        <group.members>
          <char.set>d</char.set>
          <char.set>D</char.set>
        </group.members>
      </index.group>
      <index.group>
        <group.key>E</group.key>
        <group.label>E</group.label>
        <group.members>
          <char.set>e</char.set>
          <char.set>E</char.set>
        </group.members>
      </index.group>
      <index.group>
        <group.key>F</group.key>
        <group.label>F</group.label>
        <group.members>
          <char.set>f</char.set>
          <char.set>F</char.set>
        </group.members>
      </index.group>
      <index.group>
        <group.key>G</group.key>
        <group.label>G</group.label>
        <group.members>
          <char.set>g</char.set>
          <char.set>G</char.set>
        </group.members>
      </index.group>
      <index.group>
        <group.key>H</group.key>
        <group.label>H</group.label>
        <group.members>
          <char.set>h</char.set>
          <char.set>H</char.set>
        </group.members>
      </index.group>
      <index.group>
        <group.key>I</group.key>
        <group.label>I</group.label>
        <group.members>
          <char.set>i</char.set>
          <char.set>I</char.set>
        </group.members>
      </index.group>
      <index.group>
        <group.key>J</group.key>
        <group.label>J</group.label>
        <group.members>
          <char.set>j</char.set>
          <char.set>J</char.set>
        </group.members>
      </index.group>
      <index.group>
        <group.key>K</group.key>
        <group.label>K</group.label>
        <group.members>
          <char.set>k</char.set>
          <char.set>K</char.set>
        </group.members>
      </index.group>
      <index.group>
        <group.key>L</group.key>
        <group.label>L</group.label>
        <group.members>
          <char.set>l</char.set>
          <char.set>L</char.set>
        </group.members>
      </index.group>
      <index.group>
        <group.key>M</group.key>
        <group.label>M</group.label>
        <group.members>
          <char.set>m</char.set>
          <char.set>M</char.set>
        </group.members>
      </index.group>
      <index.group>
        <group.key>N</group.key>
        <group.label>N</group.label>
        <group.members>
          <char.set>n</char.set>
          <char.set>N</char.set>
        </group.members>
      </index.group>
      <index.group>
        <group.key>O</group.key>
        <group.label>O</group.label>
        <group.members>
          <char.set>o</char.set>
          <char.set>O</char.set>
        </group.members>
      </index.group>
      <index.group>
        <group.key>P</group.key>
        <group.label>P</group.label>
        <group.members>
          <char.set>p</char.set>
          <char.set>P</char.set>
        </group.members>
      </index.group>
      <index.group>
        <group.key>Q</group.key>
        <group.label>Q</group.label>
        <group.members>
          <char.set>q</char.set>
          <char.set>Q</char.set>
        </group.members>
      </index.group>
      <index.group>
        <group.key>R</group.key>
        <group.label>R</group.label>
        <group.members>
          <char.set>r</char.set>
          <char.set>R</char.set>
        </group.members>
      </index.group>
      <index.group>
        <group.key>S</group.key>
        <group.label>S</group.label>
        <group.members>
          <char.set>s</char.set>
          <char.set>S</char.set>
        </group.members>
      </index.group>
      <index.group>
        <group.key>T</group.key>
        <group.label>T</group.label>
        <group.members>
          <char.set>t</char.set>
          <char.set>T</char.set>
        </group.members>
      </index.group>
      <index.group>
        <group.key>U</group.key>
        <group.label>U</group.label>
        <group.members>
          <char.set>u</char.set>
          <char.set>U</char.set>
        </group.members>
      </index.group>
      <index.group>
        <group.key>V</group.key>
        <group.label>V</group.label>
        <group.members>
          <char.set>v</char.set>
          <char.set>V</char.set>
        </group.members>
      </index.group>
      <index.group>
        <group.key>W</group.key>
        <group.label>W</group.label>
        <group.members>
          <char.set>w</char.set>
          <char.set>W</char.set>
        </group.members>
      </index.group>
      <index.group>
        <group.key>X</group.key>
        <group.label>X</group.label>
        <group.members>
          <char.set>x</char.set>
          <char.set>X</char.set>
        </group.members>
      </index.group>
      <index.group>
        <group.key>Y</group.key>
        <group.label>Y</group.label>
        <group.members>
          <char.set>y</char.set>
          <char.set>Y</char.set>
        </group.members>
      </index.group>
      <index.group>
        <group.key>Z</group.key>
        <group.label>Z</group.label>
        <group.members>
          <char.set>z</char.set>
          <char.set>Z</char.set>
        </group.members>
      </index.group>
      <index.group>
        <group.key>א</group.key>
        <group.label>א</group.label>
        <group.members>
          <char.set>א</char.set>
        </group.members>
      </index.group>
      <index.group>
        <group.key>ב</group.key>
        <group.label>ב</group.label>
        <group.members>
          <char.set>ב</char.set>
        </group.members>
      </index.group>
      <index.group>
        <group.key>ג</group.key>
        <group.label>ג</group.label>
        <group.members>
          <char.set>ג</char.set>
        </group.members>
      </index.group>
      <index.group>
        <group.key>ד</group.key>
        <group.label>ד</group.label>
        <group.members>
          <char.set>ד</char.set>
        </group.members>
      </index.group>
      <index.group>
        <group.key>ה</group.key>
        <group.label>ה</group.label>
        <group.members>
          <char.set>ה</char.set>
        </group.members>
      </index.group>
      <index.group>
        <group.key>ו</group.key>
        <group.label>ו</group.label>
        <group.members>
          <char.set>ו</char.set>
        </group.members>
      </index.group>
      <index.group>
        <group.key>ז</group.key>
        <group.label>ז</group.label>
        <group.members>
          <char.set>ז</char.set>
        </group.members>
      </index.group>
      <index.group>
        <group.key>ח</group.key>
        <group.label>ח</group.label>
        <group.members>
          <char.set>ח</char.set>
        </group.members>
      </index.group>
      <index.group>
        <group.key>ט</group.key>
        <group.label>ט</group.label>
        <group.members>
          <char.set>ט</char.set>
        </group.members>
      </index.group>
      <index.group>
        <group.key>י</group.key>
        <group.label>י</group.label>
        <group.members>
          <char.set>י</char.set>
        </group.members>
      </index.group>
      <index.group>
        <group.key>כ</group.key>
        <group.label>כ</group.label>
        <group.members>
          <char.set>כ</char.set>
          <char.set>ך</char.set>
        </group.members>
      </index.group>
      <index.group>
        <group.key>ל</group.key>
        <group.label>ל</group.label>
        <group.members>
          <char.set>ל</char.set>
        </group.members>
      </index.group>
      <index.group>
        <group.key>מ</group.key>
        <group.label>מ</group.label>
        <group.members>
          <char.set>מ</char.set>
          <char.set>ם</char.set>
        </group.members>
      </index.group>
      <index.group>
        <group.key>נ</group.key>
        <group.label>נ</group.label>
        <group.members>
          <char.set>נ</char.set>
          <char.set>ן</char.set>
        </group.members>
      </index.group>
      <index.group>
        <group.key>ס</group.key>
        <group.label>ס</group.label>
        <group.members>
          <char.set>ס</char.set>
        </group.members>
      </index.group>
      <index.group>
        <group.key>ע</group.key>
        <group.label>ע</group.label>
        <group.members>
          <char.set>ע</char.set>
        </group.members>
      </index.group>
      <index.group>
        <group.key>פ</group.key>
        <group.label>פ</group.label>
        <group.members>
          <char.set>פ</char.set>
          <char.set>ף</char.set>
        </group.members>
      </index.group>
      <index.group>
        <group.key>צ</group.key>
        <group.label>צ</group.label>
        <group.members>
          <char.set>צ</char.set>
          <char.set>ץ</char.set>
        </group.members>
      </index.group>
      <index.group>
        <group.key>ק</group.key>
        <group.label>ק</group.label>
        <group.members>
          <char.set>ק</char.set>
        </group.members>
      </index.group>
      <index.group>
        <group.key>ר</group.key>
        <group.label>ר</group.label>
        <group.members>
          <char.set>ר</char.set>
        </group.members>
      </index.group>
      <index.group>
        <group.key>ש</group.key>
        <group.label>ש</group.label>
        <group.members>
          <char.set>ש</char.set>
        </group.members>
      </index.group>
      <index.group>
        <group.key>ת</group.key>
        <group.label>ת</group.label>
        <group.members>
          <char.set>ת</char.set>
        </group.members>
      </index.group>
    </index.groups>
  </index.configuration>
</index.configuration.set>
