<?xml version="1.0" encoding="UTF-8" standalone="yes"?>

<!-- 
Copyright © 2004-2006 by Idiom Technologies, Inc. All rights reserved. 
IDIOM is a registered trademark of Idiom Technologies, Inc. and WORLDSERVER
and WORLDSTART are trademarks of Idiom Technologies, Inc. All other 
trademarks are the property of their respective owners. 

IDIOM TECHNOLOGIES, INC. IS DELIVERING THE SOFTWARE "AS IS," WITH 
ABSOLUTELY NO WARRANTIES WHATSOEVER, WHETHER EXPRESS OR IMPLIED,  AND IDIOM
TECHNOLOGIES, INC. DISCLAIMS ALL WARRANTIES, EXPRESS OR IMPLIED, INCLUDING
BUT NOT LIMITED TO WARRANTIES OF MERCHANTABILITY AND FITNESS FOR A PARTICULAR 
PURPOSE AND WARRANTY OF NON-INFRINGEMENT. IDIOM TECHNOLOGIES, INC. SHALL NOT
BE LIABLE FOR INDIRECT, INCIDENTAL, SPECIAL, COVER, PUNITIVE, EXEMPLARY,
RELIANCE, OR CONSEQUENTIAL DAMAGES (INCLUDING BUT NOT LIMITED TO LOSS OF 
ANTICIPATED PROFIT), ARISING FROM ANY CAUSE UNDER OR RELATED TO  OR ARISING 
OUT OF THE USE OF OR INABILITY TO USE THE SOFTWARE, EVEN IF IDIOM
TECHNOLOGIES, INC. HAS BEEN ADVISED OF THE POSSIBILITY OF SUCH DAMAGES. 

Idiom Technologies, Inc. and its licensors shall not be liable for any
damages suffered by any person as a result of using and/or modifying the
Software or its derivatives. In no event shall Idiom Technologies, Inc.'s
liability for any damages hereunder exceed the amounts received by Idiom
Technologies, Inc. as a result of this transaction.

These terms and conditions supersede the terms and conditions in any
licensing agreement to the extent that such terms and conditions conflict
with those set forth herein.

This file is part of the DITA Open Toolkit project. 
See the accompanying license.txt file for applicable licenses.
-->

<index.configuration.set>
<index.configuration>
<language>ja</language>
<index.groups>
<index.group>
<group.key>Specials</group.key>
<group.label>記号</group.label>
<group.members>
<char.set>\</char.set>
<char.set>`</char.set>
<char.set>~</char.set>
<char.set>!</char.set>
<char.set>@</char.set>
<char.set>#</char.set>
<char.set>$</char.set>
<char.set>%</char.set>
<char.set>^</char.set>
<char.set>&amp;</char.set>
<char.set>*</char.set>
<char.set>(</char.set>
<char.set>)</char.set>
<char.set>_</char.set>
<char.set>-</char.set>
<char.set>=</char.set>
<char.set>+</char.set>
<char.set>'</char.set>
<char.set>"</char.set>
<char.set>;</char.set>
<char.set>:</char.set>
<char.set>&lt;</char.set>
<char.set>&gt;</char.set>
<char.set>.</char.set>
<char.set>/</char.set>
<char.set>?</char.set>
<char.set>[</char.set>
<char.set>]</char.set>
<char.set>{</char.set>
<char.set>}</char.set>
<char.set>|</char.set>
</group.members>
</index.group>
<index.group>
<group.key>数字</group.key>
<group.label>数字</group.label>
<group.members>
<char.set>0</char.set>
<char.set>０</char.set>
<char.set>1</char.set>
<char.set>１</char.set>
<char.set>2</char.set>
<char.set>２</char.set>
<char.set>3</char.set>
<char.set>３</char.set>
<char.set>4</char.set>
<char.set>４</char.set>
<char.set>5</char.set>
<char.set>５</char.set>
<char.set>6</char.set>
<char.set>６</char.set>
<char.set>7</char.set>
<char.set>７</char.set>
<char.set>8</char.set>
<char.set>８</char.set>
<char.set>9</char.set>
<char.set>９</char.set>
</group.members>
</index.group>
<index.group>
<group.key>A</group.key>
<group.label>A</group.label>
<group.members>
<char.set>A</char.set>
<char.set>a</char.set>
</group.members>
</index.group>
<index.group>
<group.key>B</group.key>
<group.label>B</group.label>
<group.members>
<char.set>B</char.set>
<char.set>b</char.set>
</group.members>
</index.group>
<index.group>
<group.key>C</group.key>
<group.label>C</group.label>
<group.members>
<char.set>C</char.set>
<char.set>c</char.set>
</group.members>
</index.group>
<index.group>
<group.key>D</group.key>
<group.label>D</group.label>
<group.members>
<char.set>D</char.set>
<char.set>d</char.set>
</group.members>
</index.group>
<index.group>
<group.key>E</group.key>
<group.label>E</group.label>
<group.members>
<char.set>E</char.set>
<char.set>e</char.set>
</group.members>
</index.group>
<index.group>
<group.key>F</group.key>
<group.label>F</group.label>
<group.members>
<char.set>F</char.set>
<char.set>f</char.set>
</group.members>
</index.group>
<index.group>
<group.key>G</group.key>
<group.label>G</group.label>
<group.members>
<char.set>G</char.set>
<char.set>g</char.set>
</group.members>
</index.group>
<index.group>
<group.key>H</group.key>
<group.label>H</group.label>
<group.members>
<char.set>H</char.set>
<char.set>h</char.set>
</group.members>
</index.group>
<index.group>
<group.key>I</group.key>
<group.label>I</group.label>
<group.members>
<char.set>I</char.set>
<char.set>i</char.set>
</group.members>
</index.group>
<index.group>
<group.key>J</group.key>
<group.label>J</group.label>
<group.members>
<char.set>J</char.set>
<char.set>j</char.set>
</group.members>
</index.group>
<index.group>
<group.key>K</group.key>
<group.label>K</group.label>
<group.members>
<char.set>K</char.set>
<char.set>k</char.set>
</group.members>
</index.group>
<index.group>
<group.key>L</group.key>
<group.label>L</group.label>
<group.members>
<char.set>L</char.set>
<char.set>l</char.set>
</group.members>
</index.group>
<index.group>
<group.key>M</group.key>
<group.label>M</group.label>
<group.members>
<char.set>M</char.set>
<char.set>m</char.set>
</group.members>
</index.group>
<index.group>
<group.key>N</group.key>
<group.label>N</group.label>
<group.members>
<char.set>N</char.set>
<char.set>n</char.set>
</group.members>
</index.group>
<index.group>
<group.key>O</group.key>
<group.label>O</group.label>
<group.members>
<char.set>O</char.set>
<char.set>o</char.set>
</group.members>
</index.group>
<index.group>
<group.key>P</group.key>
<group.label>P</group.label>
<group.members>
<char.set>P</char.set>
<char.set>p</char.set>
</group.members>
</index.group>
<index.group>
<group.key>Q</group.key>
<group.label>Q</group.label>
<group.members>
<char.set>Q</char.set>
<char.set>q</char.set>
</group.members>
</index.group>
<index.group>
<group.key>R</group.key>
<group.label>R</group.label>
<group.members>
<char.set>R</char.set>
<char.set>r</char.set>
</group.members>
</index.group>
<index.group>
<group.key>S</group.key>
<group.label>S</group.label>
<group.members>
<char.set>S</char.set>
<char.set>s</char.set>
</group.members>
</index.group>
<index.group>
<group.key>T</group.key>
<group.label>T</group.label>
<group.members>
<char.set>T</char.set>
<char.set>t</char.set>
</group.members>
</index.group>
<index.group>
<group.key>U</group.key>
<group.label>U</group.label>
<group.members>
<char.set>U</char.set>
<char.set>u</char.set>
</group.members>
</index.group>
<index.group>
<group.key>V</group.key>
<group.label>V</group.label>
<group.members>
<char.set>V</char.set>
<char.set>v</char.set>
</group.members>
</index.group>
<index.group>
<group.key>W</group.key>
<group.label>W</group.label>
<group.members>
<char.set>W</char.set>
<char.set>w</char.set>
</group.members>
</index.group>
<index.group>
<group.key>X</group.key>
<group.label>X</group.label>
<group.members>
<char.set>X</char.set>
<char.set>x</char.set>
</group.members>
</index.group>
<index.group>
<group.key>Y</group.key>
<group.label>Y</group.label>
<group.members>
<char.set>Y</char.set>
<char.set>y</char.set>
</group.members>
</index.group>
<index.group>
<group.key>Z</group.key>
<group.label>Z</group.label>
<group.members>
<char.set>Z</char.set>
<char.set>z</char.set>
</group.members>
</index.group>
<index.group>
<group.key>あ</group.key>
<group.label>あ</group.label>
<group.members>
<char.set>あ</char.set>
<char.set>ア</char.set>
</group.members>
</index.group>
<index.group>
<group.key>い</group.key>
<group.label>い</group.label>
<group.members>
<char.set>い</char.set>
<char.set>イ</char.set>
</group.members>
</index.group>
<index.group>
<group.key>う</group.key>
<group.label>う</group.label>
<group.members>
<char.set>う</char.set>
<char.set>ウ</char.set>
</group.members>
</index.group>
<index.group>
<group.key>え</group.key>
<group.label>え</group.label>
<group.members>
<char.set>え</char.set>
<char.set>エ</char.set>
</group.members>
</index.group>
<index.group>
<group.key>お</group.key>
<group.label>お</group.label>
<group.members>
<char.set>お</char.set>
<char.set>オ</char.set>
</group.members>
</index.group>
<index.group>
<group.key>か</group.key>
<group.label>か</group.label>
<group.members>
<char.set>か</char.set>
<char.set>カ</char.set>
<char.set>が</char.set>
<char.set>ガ</char.set>
</group.members>
</index.group>
<index.group>
<group.key>き</group.key>
<group.label>き</group.label>
<group.members>
<char.set>き</char.set>
<char.set>キ</char.set>
<char.set>ぎ</char.set>
<char.set>ギ</char.set>
</group.members>
</index.group>
<index.group>
<group.key>く</group.key>
<group.label>く</group.label>
<group.members>
<char.set>く</char.set>
<char.set>ク</char.set>
<char.set>ぐ</char.set>
<char.set>グ</char.set>
</group.members>
</index.group>
<index.group>
<group.key>け</group.key>
<group.label>け</group.label>
<group.members>
<char.set>け</char.set>
<char.set>ケ</char.set>
<char.set>げ</char.set>
<char.set>ゲ</char.set>
</group.members>
</index.group>
<index.group>
<group.key>こ</group.key>
<group.label>こ</group.label>
<group.members>
<char.set>こ</char.set>
<char.set>コ</char.set>
<char.set>ご</char.set>
<char.set>ゴ</char.set>
</group.members>
</index.group>
<index.group>
<group.key>さ</group.key>
<group.label>さ</group.label>
<group.members>
<char.set>さ</char.set>
<char.set>サ</char.set>
<char.set>ざ</char.set>
<char.set>ザ</char.set>
</group.members>
</index.group>
<index.group>
<group.key>し</group.key>
<group.label>し</group.label>
<group.members>
<char.set>し</char.set>
<char.set>シ</char.set>
<char.set>じ</char.set>
<char.set>ジ</char.set>
</group.members>
</index.group>
<index.group>
<group.key>す</group.key>
<group.label>す</group.label>
<group.members>
<char.set>す</char.set>
<char.set>ス</char.set>
<char.set>ず</char.set>
<char.set>ズ</char.set>
</group.members>
</index.group>
<index.group>
<group.key>せ</group.key>
<group.label>せ</group.label>
<group.members>
<char.set>せ</char.set>
<char.set>セ</char.set>
<char.set>ぜ</char.set>
<char.set>ゼ</char.set>
</group.members>
</index.group>
<index.group>
<group.key>そ</group.key>
<group.label>そ</group.label>
<group.members>
<char.set>そ</char.set>
<char.set>ソ</char.set>
<char.set>ぞ</char.set>
<char.set>ゾ</char.set>
</group.members>
</index.group>
<index.group>
<group.key>た</group.key>
<group.label>た</group.label>
<group.members>
<char.set>た</char.set>
<char.set>タ</char.set>
<char.set>だ</char.set>
<char.set>ダ</char.set>
</group.members>
</index.group>
<index.group>
<group.key>ち</group.key>
<group.label>ち</group.label>
<group.members>
<char.set>ち</char.set>
<char.set>チ</char.set>
<char.set>ぢ</char.set>
<char.set>ヂ</char.set>
</group.members>
</index.group>
<index.group>
<group.key>つ</group.key>
<group.label>つ</group.label>
<group.members>
<char.set>つ</char.set>
<char.set>ツ</char.set>
<char.set>づ</char.set>
<char.set>ズ</char.set>
</group.members>
</index.group>
<index.group>
<group.key>て</group.key>
<group.label>て</group.label>
<group.members>
<char.set>て</char.set>
<char.set>テ</char.set>
<char.set>で</char.set>
<char.set>デ</char.set>
</group.members>
</index.group>
<index.group>
<group.key>と</group.key>
<group.label>と</group.label>
<group.members>
<char.set>と</char.set>
<char.set>ト</char.set>
<char.set>ど</char.set>
<char.set>ド</char.set>
</group.members>
</index.group>
<index.group>
<group.key>な</group.key>
<group.label>な</group.label>
<group.members>
<char.set>な</char.set>
<char.set>ナ</char.set>
</group.members>
</index.group>
<index.group>
<group.key>に</group.key>
<group.label>に</group.label>
<group.members>
<char.set>に</char.set>
<char.set>ニ</char.set>
</group.members>
</index.group>
<index.group>
<group.key>ぬ</group.key>
<group.label>ぬ</group.label>
<group.members>
<char.set>ぬ</char.set>
<char.set>ヌ</char.set>
</group.members>
</index.group>
<index.group>
<group.key>ね</group.key>
<group.label>ね</group.label>
<group.members>
<char.set>ね</char.set>
<char.set>ネ</char.set>
</group.members>
</index.group>
<index.group>
<group.key>の</group.key>
<group.label>の</group.label>
<group.members>
<char.set>の</char.set>
<char.set>ノ</char.set>
</group.members>
</index.group>
<index.group>
<group.key>は</group.key>
<group.label>は</group.label>
<group.members>
<char.set>は</char.set>
<char.set>ハ</char.set>
<char.set>ば</char.set>
<char.set>バ</char.set>
<char.set>ぱ</char.set>
<char.set>パ</char.set>
</group.members>
</index.group>
<index.group>
<group.key>ひ</group.key>
<group.label>ひ</group.label>
<group.members>
<char.set>ひ</char.set>
<char.set>ヒ</char.set>
<char.set>び</char.set>
<char.set>ビ</char.set>
<char.set>ぴ</char.set>
<char.set>ピ</char.set>
</group.members>
</index.group>
<index.group>
<group.key>ふ</group.key>
<group.label>ふ</group.label>
<group.members>
<char.set>ふ</char.set>
<char.set>フ</char.set>
<char.set>ぶ</char.set>
<char.set>ブ</char.set>
<char.set>ぷ</char.set>
<char.set>プ</char.set>
</group.members>
</index.group>
<index.group>
<group.key>へ</group.key>
<group.label>へ</group.label>
<group.members>
<char.set>へ</char.set>
<char.set>ヘ</char.set>
<char.set>べ</char.set>
<char.set>ベ</char.set>
<char.set>ぺ</char.set>
<char.set>ペ</char.set>
</group.members>
</index.group>
<index.group>
<group.key>ほ</group.key>
<group.label>ほ</group.label>
<group.members>
<char.set>ほ</char.set>
<char.set>ホ</char.set>
<char.set>ぼ</char.set>
<char.set>ボ</char.set>
<char.set>ぽ</char.set>
<char.set>ポ</char.set>
</group.members>
</index.group>
<index.group>
<group.key>ま</group.key>
<group.label>ま</group.label>
<group.members>
<char.set>ま</char.set>
<char.set>マ</char.set>
</group.members>
</index.group>
<index.group>
<group.key>み</group.key>
<group.label>み</group.label>
<group.members>
<char.set>み</char.set>
<char.set>ミ</char.set>
</group.members>
</index.group>
<index.group>
<group.key>む</group.key>
<group.label>む</group.label>
<group.members>
<char.set>む</char.set>
<char.set>ム</char.set>
</group.members>
</index.group>
<index.group>
<group.key>め</group.key>
<group.label>め</group.label>
<group.members>
<char.set>め</char.set>
<char.set>メ</char.set>
</group.members>
</index.group>
<index.group>
<group.key>も</group.key>
<group.label>も</group.label>
<group.members>
<char.set>も</char.set>
<char.set>モ</char.set>
</group.members>
</index.group>
<index.group>
<group.key>や</group.key>
<group.label>や</group.label>
<group.members>
<char.set>や</char.set>
<char.set>ヤ</char.set>
</group.members>
</index.group>
<index.group>
<group.key>ゆ</group.key>
<group.label>ゆ</group.label>
<group.members>
<char.set>ゆ</char.set>
<char.set>ユ</char.set>
</group.members>
</index.group>
<index.group>
<group.key>よ</group.key>
<group.label>よ</group.label>
<group.members>
<char.set>よ</char.set>
<char.set>ヨ</char.set>
</group.members>
</index.group>
<index.group>
<group.key>ら</group.key>
<group.label>ら</group.label>
<group.members>
<char.set>ら</char.set>
<char.set>ラ</char.set>
</group.members>
</index.group>
<index.group>
<group.key>り</group.key>
<group.label>り</group.label>
<group.members>
<char.set>り</char.set>
<char.set>リ</char.set>
</group.members>
</index.group>
<index.group>
<group.key>る</group.key>
<group.label>る</group.label>
<group.members>
<char.set>る</char.set>
<char.set>ル</char.set>
</group.members>
</index.group>
<index.group>
<group.key>れ</group.key>
<group.label>れ</group.label>
<group.members>
<char.set>れ</char.set>
<char.set>レ</char.set>
</group.members>
</index.group>
<index.group>
<group.key>ろ</group.key>
<group.label>ろ</group.label>
<group.members>
<char.set>ろ</char.set>
<char.set>ロ</char.set>
</group.members>
</index.group>
<index.group>
<group.key>わ</group.key>
<group.label>わ</group.label>
<group.members>
<char.set>わ</char.set>
<char.set>ワ</char.set>
</group.members>
</index.group>
<index.group>
<group.key>を</group.key>
<group.label>を</group.label>
<group.members>
<char.set>を</char.set>
<char.set>ヲ</char.set>
</group.members>
</index.group>
<index.group>
<group.key>ん</group.key>
<group.label>ん</group.label>
<group.members>
<char.set>ん</char.set>
<char.set>ン</char.set>
</group.members>
</index.group>
</index.groups>
</index.configuration>
</index.configuration.set>
