<?xml version="1.0"?>
<!-- 
This file is part of the DITA Open Toolkit project. 
See the accompanying license.txt file for applicable licenses.
-->
<index.configuration.set>
    <index.configuration>
        <language>lt</language>
        <index.groups>
            <index.group>
                <group.key>Specials</group.key>
                <group.label>Specialūs ženklai</group.label>
                <group.members>
                    <char.set>\</char.set>
                    <char.set>`</char.set>
                    <char.set>~</char.set>
                    <char.set>!</char.set>
                    <char.set>@</char.set>
                    <char.set>#</char.set>
                    <char.set>$</char.set>
                    <char.set>%</char.set>
                    <char.set>^</char.set>
                    <char.set>&amp;</char.set>
                    <char.set>*</char.set>
                    <char.set>(</char.set>
                    <char.set>)</char.set>
                    <char.set>_</char.set>
                    <char.set>-</char.set>
                    <char.set>=</char.set>
                    <char.set>+</char.set>
                    <char.set>'</char.set>
                    <char.set>"</char.set>
                    <char.set>;</char.set>
                    <char.set>:</char.set>
                    <char.set>&lt;</char.set>
                    <char.set>&gt;</char.set>
                    <char.set>.</char.set>
                    <char.set>,</char.set>
                    <char.set>/</char.set>
                    <char.set>?</char.set>
                    <char.set>[</char.set>
                    <char.set>]</char.set>
                    <char.set>{</char.set>
                    <char.set>}</char.set>
                    <char.set>|</char.set>
                </group.members>
            </index.group>
            <index.group>
                <group.key>Numbers</group.key>
                <group.label>Skaitmenys</group.label>
                <group.members>
                    <char.set>0</char.set>
                    <char.set>０</char.set>
                    <char.set>1</char.set>
                    <char.set>１</char.set>
                    <char.set>2</char.set>
                    <char.set>２</char.set>
                    <char.set>3</char.set>
                    <char.set>３</char.set>
                    <char.set>4</char.set>
                    <char.set>４</char.set>
                    <char.set>5</char.set>
                    <char.set>５</char.set>
                    <char.set>6</char.set>
                    <char.set>６</char.set>
                    <char.set>7</char.set>
                    <char.set>７</char.set>
                    <char.set>8</char.set>
                    <char.set>８</char.set>
                    <char.set>9</char.set>
                    <char.set>９</char.set>
                </group.members>
            </index.group>
            <index.group>
                <group.key>A</group.key>
                <group.label>A</group.label>
                <group.members>
                    <char.set>A</char.set>
                    <char.set>a</char.set>
                    <char.set>á</char.set>
                    <char.set>Á</char.set>
                    <char.set>à</char.set>
                    <char.set>À</char.set>
                    <char.set>ã</char.set>
                    <char.set>Ã</char.set>
                    <char.set>ą</char.set>
                    <char.set>Ą</char.set>
                    <char.set>ą́</char.set>
                    <char.set>Ą́</char.set>
                    <char.set>ą̃</char.set>
                    <char.set>Ą̃</char.set>
                </group.members>
            </index.group>
            <index.group>
                <group.key>B</group.key>
                <group.label>B</group.label>
                <group.members>
                    <char.set>B</char.set>
                    <char.set>b</char.set>
                </group.members>
            </index.group>
            <index.group>
                <group.key>C</group.key>
                <group.label>C</group.label>
                <group.members>
                    <char.set>C</char.set>
                    <char.set>c</char.set>
                </group.members>
            </index.group>
            <index.group>
                <group.key>Č</group.key>
                <group.label>Č</group.label>
                <group.members>
                    <char.set>Č</char.set>
                    <char.set>č</char.set>
                </group.members>
            </index.group>
            <index.group>
                <group.key>D</group.key>
                <group.label>D</group.label>
                <group.members>
                    <char.set>D</char.set>
                    <char.set>d</char.set>
                </group.members>
            </index.group>
            <index.group>
                <group.key>E</group.key>
                <group.label>E</group.label>
                <group.members>
                    <char.set>E</char.set>
                    <char.set>e</char.set>
                    <char.set>é</char.set>
                    <char.set>É</char.set>
                    <char.set>è</char.set>
                    <char.set>È</char.set>
                    <char.set>ẽ</char.set>
                    <char.set>Ẽ</char.set>
                    <char.set>ę</char.set>
                    <char.set>Ę</char.set>
                    <char.set>ę́</char.set>
                    <char.set>Ę́</char.set>
                    <char.set>ę̃</char.set>
                    <char.set>Ę̃</char.set>
                    <char.set>ė</char.set>
                    <char.set>Ė</char.set>
                    <char.set>ė́</char.set>
                    <char.set>Ė́</char.set>
                    <char.set>ė̃</char.set>
                    <char.set>Ė̃</char.set>
                </group.members>
            </index.group>
            <index.group>
                <group.key>F</group.key>
                <group.label>F</group.label>
                <group.members>
                    <char.set>F</char.set>
                    <char.set>f</char.set>
                </group.members>
            </index.group>
            <index.group>
                <group.key>G</group.key>
                <group.label>G</group.label>
                <group.members>
                    <char.set>G</char.set>
                    <char.set>g</char.set>
                </group.members>
            </index.group>
            <index.group>
                <group.key>H</group.key>
                <group.label>H</group.label>
                <group.members>
                    <char.set>H</char.set>
                    <char.set>h</char.set>
                </group.members>
            </index.group>
            <index.group>
                <group.key>I</group.key>
                <group.label>I</group.label>
                <group.members>
                    <char.set>I</char.set>
                    <char.set>i</char.set>
                    <char.set>i̇́</char.set>
                    <char.set>Í</char.set>
                    <char.set>i̇̀</char.set>
                    <char.set>Ì</char.set>
                    <char.set>i̇̃</char.set>
                    <char.set>Ĩ</char.set>
                    <char.set>į</char.set>
                    <char.set>Į</char.set>
                    <char.set>į̇́</char.set>
                    <char.set>Į́</char.set>
                    <char.set>į̇̃</char.set>
                    <char.set>Į̃</char.set>
                    <char.set>y</char.set>
                    <char.set>Y</char.set>
                    <char.set>ý</char.set>
                    <char.set>Ý</char.set>
                    <char.set>ỹ</char.set>
                    <char.set>Ỹ</char.set>
                </group.members>
            </index.group>
            <index.group>
                <group.key>J</group.key>
                <group.label>J</group.label>
                <group.members>
                    <char.set>J</char.set>
                    <char.set>j</char.set>
                    <char.set>j̇̃</char.set>
                    <char.set>J̃</char.set>
                </group.members>
            </index.group>
            <index.group>
                <group.key>K</group.key>
                <group.label>K</group.label>
                <group.members>
                    <char.set>K</char.set>
                    <char.set>k</char.set>
                </group.members>
            </index.group>
            <index.group>
                <group.key>L</group.key>
                <group.label>L</group.label>
                <group.members>
                    <char.set>L</char.set>
                    <char.set>l</char.set>
                    <char.set>l̃</char.set>
                    <char.set>L̃</char.set>
                </group.members>
            </index.group>
            <index.group>
                <group.key>M</group.key>
                <group.label>M</group.label>
                <group.members>
                    <char.set>M</char.set>
                    <char.set>m</char.set>
                    <char.set>m̃</char.set>
                    <char.set>M̃</char.set>
                </group.members>
            </index.group>
            <index.group>
                <group.key>N</group.key>
                <group.label>N</group.label>
                <group.members>
                    <char.set>N</char.set>
                    <char.set>n</char.set>
                    <char.set>ñ</char.set>
                    <char.set>Ñ</char.set>
                </group.members>
            </index.group>
            <index.group>
                <group.key>O</group.key>
                <group.label>O</group.label>
                <group.members>
                    <char.set>O</char.set>
                    <char.set>o</char.set>
                    <char.set>ó</char.set>
                    <char.set>Ó</char.set>
                    <char.set>ò</char.set>
                    <char.set>Ò</char.set>
                    <char.set>õ</char.set>
                    <char.set>Õ</char.set>
                </group.members>
            </index.group>
            <index.group>
                <group.key>P</group.key>
                <group.label>P</group.label>
                <group.members>
                    <char.set>P</char.set>
                    <char.set>p</char.set>
                </group.members>
            </index.group>
            <index.group>
                <group.key>R</group.key>
                <group.label>R</group.label>
                <group.members>
                    <char.set>R</char.set>
                    <char.set>r</char.set>
                    <char.set>r̃</char.set>
                    <char.set>R̃</char.set>
                </group.members>
            </index.group>
            <index.group>
                <group.key>S</group.key>
                <group.label>S</group.label>
                <group.members>
                    <char.set>S</char.set>
                    <char.set>s</char.set>
                </group.members>
            </index.group>
            <index.group>
                <group.key>Š</group.key>
                <group.label>Š</group.label>
                <group.members>
                    <char.set>Š</char.set>
                    <char.set>š</char.set>
                </group.members>
            </index.group>
            <index.group>
                <group.key>T</group.key>
                <group.label>T</group.label>
                <group.members>
                    <char.set>T</char.set>
                    <char.set>t</char.set>
                </group.members>
            </index.group>
            <index.group>
                <group.key>U</group.key>
                <group.label>U</group.label>
                <group.members>
                    <char.set>U</char.set>
                    <char.set>u</char.set>
                    <char.set>ú</char.set>
                    <char.set>Ú</char.set>
                    <char.set>ù</char.set>
                    <char.set>Ù</char.set>
                    <char.set>ũ</char.set>
                    <char.set>Ũ</char.set>
                    <char.set>ų</char.set>
                    <char.set>Ų</char.set>
                    <char.set>ų́</char.set>
                    <char.set>Ų́</char.set>
                    <char.set>ų̃</char.set>
                    <char.set>Ų̃</char.set>
                    <char.set>ū</char.set>
                    <char.set>Ū</char.set>
                    <char.set>ū́</char.set>
                    <char.set>Ū́</char.set>
                    <char.set>ū̃</char.set>
                    <char.set>Ū̃</char.set>
                </group.members>
            </index.group>
            <index.group>
                <group.key>V</group.key>
                <group.label>V</group.label>
                <group.members>
                    <char.set>V</char.set>
                    <char.set>v</char.set>
                </group.members>
            </index.group>
            <index.group>
                <group.key>W</group.key>
                <group.label>W</group.label>
                <group.members>
                    <char.set>W</char.set>
                    <char.set>w</char.set>
                </group.members>
            </index.group>
            <index.group>
                <group.key>X</group.key>
                <group.label>X</group.label>
                <group.members>
                    <char.set>X</char.set>
                    <char.set>x</char.set>
                </group.members>
            </index.group>
            <index.group>
                <group.key>Z</group.key>
                <group.label>Z</group.label>
                <group.members>
                    <char.set>Z</char.set>
                    <char.set>z</char.set>
                </group.members>
            </index.group>
            <index.group>
                <group.key>Ž</group.key>
                <group.label>Ž</group.label>
                <group.members>
                    <char.set>Ž</char.set>
                    <char.set>ž</char.set>
                </group.members>
            </index.group>
        </index.groups>
    </index.configuration>
</index.configuration.set>
