<?xml version="1.0" encoding="UTF-8"?>
<!--
  This file is part of the DITA Open Toolkit project.
  See the accompanying license.txt file for applicable licenses.
-->
<index.configuration.set>
  <index.configuration>
    <language>sr</language>
    <index.groups>
      <index.group>
        <group.key>Specials</group.key>
        <group.label>Посебни Знаци</group.label>
        <group.members>
          <char.set>\</char.set>
          <char.set>`</char.set>
          <char.set>~</char.set>
          <char.set>!</char.set>
          <char.set>@</char.set>
          <char.set>#</char.set>
          <char.set>$</char.set>
          <char.set>%</char.set>
          <char.set>^</char.set>
          <char.set>&amp;</char.set>
          <char.set>*</char.set>
          <char.set>(</char.set>
          <char.set>)</char.set>
          <char.set>_</char.set>
          <char.set>-</char.set>
          <char.set>=</char.set>
          <char.set>+</char.set>
          <char.set>'</char.set>
          <char.set>"</char.set>
          <char.set>;</char.set>
          <char.set>:</char.set>
          <char.set>&lt;</char.set>
          <char.set>&gt;</char.set>
          <char.set>.</char.set>
          <char.set>,</char.set>
          <char.set>/</char.set>
          <char.set>?</char.set>
          <char.set>[</char.set>
          <char.set>]</char.set>
          <char.set>{</char.set>
          <char.set>}</char.set>
          <char.set>|</char.set>
        </group.members>
      </index.group>
      <index.group>
        <group.key>Numbers</group.key>
        <group.label>Нумерици</group.label>
        <group.members>
          <char.set>0</char.set>
          <char.set>０</char.set>
          <char.set>1</char.set>
          <char.set>１</char.set>
          <char.set>2</char.set>
          <char.set>２</char.set>
          <char.set>3</char.set>
          <char.set>３</char.set>
          <char.set>4</char.set>
          <char.set>４</char.set>
          <char.set>5</char.set>
          <char.set>５</char.set>
          <char.set>6</char.set>
          <char.set>６</char.set>
          <char.set>7</char.set>
          <char.set>７</char.set>
          <char.set>8</char.set>
          <char.set>８</char.set>
          <char.set>9</char.set>
          <char.set>９</char.set>
        </group.members>
      </index.group>
      <index.group>
        <group.key>A</group.key>
        <group.label>A</group.label>
        <group.members>
          <char.set>a</char.set>
          <char.set>A</char.set>
        </group.members>
      </index.group>
      <index.group>
        <group.key>B</group.key>
        <group.label>B</group.label>
        <group.members>
          <char.set>b</char.set>
          <char.set>B</char.set>
        </group.members>
      </index.group>
      <index.group>
        <group.key>C</group.key>
        <group.label>C</group.label>
        <group.members>
          <char.set>c</char.set>
          <char.set>C</char.set>
        </group.members>
      </index.group>
      <index.group>
        <group.key>D</group.key>
        <group.label>D</group.label>
        <group.members>
          <char.set>d</char.set>
          <char.set>D</char.set>
        </group.members>
      </index.group>
      <index.group>
        <group.key>E</group.key>
        <group.label>E</group.label>
        <group.members>
          <char.set>e</char.set>
          <char.set>E</char.set>
        </group.members>
      </index.group>
      <index.group>
        <group.key>F</group.key>
        <group.label>F</group.label>
        <group.members>
          <char.set>f</char.set>
          <char.set>F</char.set>
        </group.members>
      </index.group>
      <index.group>
        <group.key>G</group.key>
        <group.label>G</group.label>
        <group.members>
          <char.set>g</char.set>
          <char.set>G</char.set>
        </group.members>
      </index.group>
      <index.group>
        <group.key>H</group.key>
        <group.label>H</group.label>
        <group.members>
          <char.set>h</char.set>
          <char.set>H</char.set>
        </group.members>
      </index.group>
      <index.group>
        <group.key>I</group.key>
        <group.label>I</group.label>
        <group.members>
          <char.set>i</char.set>
          <char.set>I</char.set>
        </group.members>
      </index.group>
      <index.group>
        <group.key>J</group.key>
        <group.label>J</group.label>
        <group.members>
          <char.set>j</char.set>
          <char.set>J</char.set>
        </group.members>
      </index.group>
      <index.group>
        <group.key>K</group.key>
        <group.label>K</group.label>
        <group.members>
          <char.set>k</char.set>
          <char.set>K</char.set>
          <char.set>ķ</char.set>
          <char.set>Ķ</char.set>
        </group.members>
      </index.group>
      <index.group>
        <group.key>L</group.key>
        <group.label>L</group.label>
        <group.members>
          <char.set>l</char.set>
          <char.set>L</char.set>
        </group.members>
      </index.group>
      <index.group>
        <group.key>M</group.key>
        <group.label>M</group.label>
        <group.members>
          <char.set>m</char.set>
          <char.set>M</char.set>
        </group.members>
      </index.group>
      <index.group>
        <group.key>N</group.key>
        <group.label>N</group.label>
        <group.members>
          <char.set>n</char.set>
          <char.set>N</char.set>
        </group.members>
      </index.group>
      <index.group>
        <group.key>O</group.key>
        <group.label>O</group.label>
        <group.members>
          <char.set>o</char.set>
          <char.set>O</char.set>
          <char.set>ò</char.set>
          <char.set>Ò</char.set>
        </group.members>
      </index.group>
      <index.group>
        <group.key>P</group.key>
        <group.label>P</group.label>
        <group.members>
          <char.set>p</char.set>
          <char.set>P</char.set>
        </group.members>
      </index.group>
      <index.group>
        <group.key>Q</group.key>
        <group.label>Q</group.label>
        <group.members>
          <char.set>q</char.set>
          <char.set>Q</char.set>
        </group.members>
      </index.group>
      <index.group>
        <group.key>R</group.key>
        <group.label>R</group.label>
        <group.members>
          <char.set>r</char.set>
          <char.set>R</char.set>
        </group.members>
      </index.group>
      <index.group>
        <group.key>S</group.key>
        <group.label>S</group.label>
        <group.members>
          <char.set>s</char.set>
          <char.set>S</char.set>
        </group.members>
      </index.group>
      <index.group>
        <group.key>T</group.key>
        <group.label>T</group.label>
        <group.members>
          <char.set>t</char.set>
          <char.set>T</char.set>
        </group.members>
      </index.group>
      <index.group>
        <group.key>U</group.key>
        <group.label>U</group.label>
        <group.members>
          <char.set>u</char.set>
          <char.set>U</char.set>
        </group.members>
      </index.group>
      <index.group>
        <group.key>V</group.key>
        <group.label>V</group.label>
        <group.members>
          <char.set>v</char.set>
          <char.set>V</char.set>
        </group.members>
      </index.group>
      <index.group>
        <group.key>W</group.key>
        <group.label>W</group.label>
        <group.members>
          <char.set>w</char.set>
          <char.set>W</char.set>
        </group.members>
      </index.group>
      <index.group>
        <group.key>X</group.key>
        <group.label>X</group.label>
        <group.members>
          <char.set>x</char.set>
          <char.set>X</char.set>
        </group.members>
      </index.group>
      <index.group>
        <group.key>Y</group.key>
        <group.label>Y</group.label>
        <group.members>
          <char.set>y</char.set>
          <char.set>Y</char.set>
        </group.members>
      </index.group>
      <index.group>
        <group.key>Z</group.key>
        <group.label>Z</group.label>
        <group.members>
          <char.set>z</char.set>
          <char.set>Z</char.set>
        </group.members>
      </index.group>
      <index.group>
        <group.key>А</group.key>
        <group.label>А</group.label>
        <group.members>
          <char.set>а</char.set>
          <char.set>А</char.set>
        </group.members>
      </index.group>
      <index.group>
        <group.key>Б</group.key>
        <group.label>Б</group.label>
        <group.members>
          <char.set>б</char.set>
          <char.set>Б</char.set>
        </group.members>
      </index.group>
      <index.group>
        <group.key>В</group.key>
        <group.label>В</group.label>
        <group.members>
          <char.set>в</char.set>
          <char.set>В</char.set>
        </group.members>
      </index.group>
      <index.group>
        <group.key>Г</group.key>
        <group.label>Г</group.label>
        <group.members>
          <char.set>г</char.set>
          <char.set>Г</char.set>
          <char.set>ѓ</char.set>
          <char.set>Ѓ</char.set>
        </group.members>
      </index.group>
      <index.group>
        <group.key>Д</group.key>
        <group.label>Д</group.label>
        <group.members>
          <char.set>д</char.set>
          <char.set>Д</char.set>
        </group.members>
      </index.group>
      <index.group>
        <group.key>Ђ</group.key>
        <group.label>Ђ</group.label>
        <group.members>
          <char.set>Ђ</char.set>
          <char.set>ђ</char.set>
        </group.members>
      </index.group>
      <index.group>
        <group.key>Е</group.key>
        <group.label>Е</group.label>
        <group.members>
          <char.set>е</char.set>
          <char.set>Е</char.set>
        </group.members>
      </index.group>
      <!--<index.group>
        <group.key>Ё</group.key>
        <group.label>Ё</group.label>
        <group.members>
          <char.set>ё</char.set>
          <char.set>Ё</char.set>
        </group.members>
      </index.group>-->
      <index.group>
        <group.key>Ж</group.key>
        <group.label>Ж</group.label>
        <group.members>
          <char.set>ж</char.set>
          <char.set>Ж</char.set>
        </group.members>
      </index.group>
      <index.group>
        <group.key>З</group.key>
        <group.label>З</group.label>
        <group.members>
          <char.set>з</char.set>
          <char.set>З</char.set>
        </group.members>
      </index.group>
      <index.group>
        <group.key>И</group.key>
        <group.label>И</group.label>
        <group.members>
          <char.set>и</char.set>
          <char.set>И</char.set>
        </group.members>
      </index.group>
      <!--<index.group>
        <group.key>Й</group.key>
        <group.label>Й</group.label>
        <group.members>
          <char.set>й</char.set>
          <char.set>Й</char.set>
        </group.members>
      </index.group>-->
      <index.group>
        <group.key>Ј</group.key>
        <group.label>Ј</group.label>
        <group.members>
          <char.set>ј</char.set>
          <char.set>Ј</char.set>
        </group.members>
      </index.group>
      <index.group>
        <group.key>К</group.key>
        <group.label>К</group.label>
        <group.members>
          <char.set>к</char.set>
          <char.set>К</char.set>
        </group.members>
      </index.group>
      <index.group>
        <group.key>Л</group.key>
        <group.label>Л</group.label>
        <group.members>
          <char.set>л</char.set>
          <char.set>Л</char.set>
        </group.members>
      </index.group>
      <index.group>
        <group.key>Љ</group.key>
        <group.label>Љ</group.label>
        <group.members>
          <char.set>љ</char.set>
          <char.set>Љ</char.set>
        </group.members>
      </index.group>
      <index.group>
        <group.key>М</group.key>
        <group.label>М</group.label>
        <group.members>
          <char.set>м</char.set>
          <char.set>М</char.set>
        </group.members>
      </index.group>
      <index.group>
        <group.key>Н</group.key>
        <group.label>Н</group.label>
        <group.members>
          <char.set>н</char.set>
          <char.set>Н</char.set>
        </group.members>
      </index.group>
      <index.group>
        <group.key>Њ</group.key>
        <group.label>Њ</group.label>
        <group.members>
          <char.set>њ</char.set>
          <char.set>Њ</char.set>
        </group.members>
      </index.group>
      <index.group>
        <group.key>О</group.key>
        <group.label>О</group.label>
        <group.members>
          <char.set>о</char.set>
          <char.set>О</char.set>
        </group.members>
      </index.group>
      <index.group>
        <group.key>П</group.key>
        <group.label>П</group.label>
        <group.members>
          <char.set>п</char.set>
          <char.set>П</char.set>
        </group.members>
      </index.group>
      <index.group>
        <group.key>Р</group.key>
        <group.label>Р</group.label>
        <group.members>
          <char.set>р</char.set>
          <char.set>Р</char.set>
        </group.members>
      </index.group>
      <index.group>
        <group.key>С</group.key>
        <group.label>С</group.label>
        <group.members>
          <char.set>с</char.set>
          <char.set>С</char.set>
        </group.members>
      </index.group>
      <index.group>
        <group.key>Т</group.key>
        <group.label>Т</group.label>
        <group.members>
          <char.set>т</char.set>
          <char.set>Т</char.set>
        </group.members>
      </index.group>
      <index.group>
        <group.key>Ћ</group.key>
        <group.label>Ћ</group.label>
        <group.members>
          <char.set>ћ</char.set>
          <char.set>Ћ</char.set>
        </group.members>
      </index.group>
      <index.group>
        <group.key>У</group.key>
        <group.label>У</group.label>
        <group.members>
          <char.set>у</char.set>
          <char.set>У</char.set>
          <!--<char.set>ў</char.set>
          <char.set>Ў</char.set>-->
        </group.members>
      </index.group>
      <index.group>
        <group.key>Ф</group.key>
        <group.label>Ф</group.label>
        <group.members>
          <char.set>ф</char.set>
          <char.set>Ф</char.set>
        </group.members>
      </index.group>
      <index.group>
        <group.key>Х</group.key>
        <group.label>Х</group.label>
        <group.members>
          <char.set>х</char.set>
          <char.set>Х</char.set>
        </group.members>
      </index.group>
      <index.group>
        <group.key>Ц</group.key>
        <group.label>Ц</group.label>
        <group.members>
          <char.set>ц</char.set>
          <char.set>Ц</char.set>
        </group.members>
      </index.group>
      <index.group>
        <group.key>Ч</group.key>
        <group.label>Ч</group.label>
        <group.members>
          <char.set>ч</char.set>
          <char.set>Ч</char.set>
        </group.members>
      </index.group>
      <index.group>
        <group.key>Џ</group.key>
        <group.label>Џ</group.label>
        <group.members>
          <char.set>џ</char.set>
          <char.set>Џ</char.set>
        </group.members>
      </index.group>
      <index.group>
        <group.key>Ш</group.key>
        <group.label>Ш</group.label>
        <group.members>
          <char.set>ш</char.set>
          <char.set>Ш</char.set>
        </group.members>
      </index.group>
      <!--<index.group>
        <group.key>Щ</group.key>
        <group.label>Щ</group.label>
        <group.members>
          <char.set>щ</char.set>
          <char.set>Щ</char.set>
        </group.members>
      </index.group>
      <index.group>
        <group.key>Ъ</group.key>
        <group.label>Ъ</group.label>
        <group.members>
          <char.set>ъ</char.set>
          <char.set>Ъ</char.set>
        </group.members>
      </index.group>
      <index.group>
        <group.key>Ы</group.key>
        <group.label>Ы</group.label>
        <group.members>
          <char.set>ы</char.set>
          <char.set>Ы</char.set>
        </group.members>
      </index.group>
      <index.group>
        <group.key>Ь</group.key>
        <group.label>Ь</group.label>
        <group.members>
          <char.set>ь</char.set>
          <char.set>Ь</char.set>
        </group.members>
      </index.group>
      <index.group>
        <group.key>Э</group.key>
        <group.label>Э</group.label>
        <group.members>
          <char.set>э</char.set>
          <char.set>Э</char.set>
        </group.members>
      </index.group>
      <index.group>
        <group.key>Ю</group.key>
        <group.label>Ю</group.label>
        <group.members>
          <char.set>ю</char.set>
          <char.set>Ю</char.set>
        </group.members>
      </index.group>
      <index.group>
        <group.key>Я</group.key>
        <group.label>Я</group.label>
        <group.members>
          <char.set>я</char.set>
          <char.set>Я</char.set>
        </group.members>
      </index.group>-->
    </index.groups>
  </index.configuration>
</index.configuration.set>
