<?xml version="1.0"?>
<index.configuration.set>
    <index.configuration>
        <language>th</language>
        <index.groups>
            <index.group>
                <group.key>Specials</group.key>
                <group.label>อักขระพิเศษ</group.label>
                <group.members>
                    <char.set>\</char.set>
                    <char.set>`</char.set>
                    <char.set>~</char.set>
                    <char.set>!</char.set>
                    <char.set>@</char.set>
                    <char.set>#</char.set>
                    <char.set>$</char.set>
                    <char.set>%</char.set>
                    <char.set>^</char.set>
                    <char.set>&amp;</char.set>
                    <char.set>*</char.set>
                    <char.set>(</char.set>
                    <char.set>)</char.set>
                    <char.set>_</char.set>
                    <char.set>-</char.set>
                    <char.set>=</char.set>
                    <char.set>+</char.set>
                    <char.set>'</char.set>
                    <char.set>"</char.set>
                    <char.set>;</char.set>
                    <char.set>:</char.set>
                    <char.set>&lt;</char.set>
                    <char.set>&gt;</char.set>
                    <char.set>.</char.set>
                    <char.set>,</char.set>
                    <char.set>/</char.set>
                    <char.set>?</char.set>
                    <char.set>[</char.set>
                    <char.set>]</char.set>
                    <char.set>{</char.set>
                    <char.set>}</char.set>
                    <char.set>|</char.set>
                </group.members>
            </index.group>
            <index.group>
                <group.key>Numbers</group.key>
                <group.label>ตัวเลข</group.label>
                <group.members>
                    <char.set>0</char.set>
                    <char.set>０</char.set>
                    <char.set>1</char.set>
                    <char.set>１</char.set>
                    <char.set>2</char.set>
                    <char.set>２</char.set>
                    <char.set>3</char.set>
                    <char.set>３</char.set>
                    <char.set>4</char.set>
                    <char.set>４</char.set>
                    <char.set>5</char.set>
                    <char.set>５</char.set>
                    <char.set>6</char.set>
                    <char.set>６</char.set>
                    <char.set>7</char.set>
                    <char.set>７</char.set>
                    <char.set>8</char.set>
                    <char.set>８</char.set>
                    <char.set>9</char.set>
                    <char.set>９</char.set>
                </group.members>
            </index.group>
            <index.group>
                <group.key>A</group.key>
                <group.label>A</group.label>
                <group.members>
                    <char.set>A</char.set>
                    <char.set>a</char.set>
                </group.members>
            </index.group>
            <index.group>
                <group.key>B</group.key>
                <group.label>B</group.label>
                <group.members>
                    <char.set>B</char.set>
                    <char.set>b</char.set>
                </group.members>
            </index.group>
            <index.group>
                <group.key>C</group.key>
                <group.label>C</group.label>
                <group.members>
                    <char.set>C</char.set>
                    <char.set>c</char.set>
                </group.members>
            </index.group>
            <index.group>
                <group.key>D</group.key>
                <group.label>D</group.label>
                <group.members>
                    <char.set>D</char.set>
                    <char.set>d</char.set>
                </group.members>
            </index.group>
            <index.group>
                <group.key>E</group.key>
                <group.label>E</group.label>
                <group.members>
                    <char.set>E</char.set>
                    <char.set>e</char.set>
                </group.members>
            </index.group>
            <index.group>
                <group.key>F</group.key>
                <group.label>F</group.label>
                <group.members>
                    <char.set>F</char.set>
                    <char.set>f</char.set>
                </group.members>
            </index.group>
            <index.group>
                <group.key>G</group.key>
                <group.label>G</group.label>
                <group.members>
                    <char.set>G</char.set>
                    <char.set>g</char.set>
                </group.members>
            </index.group>
            <index.group>
                <group.key>H</group.key>
                <group.label>H</group.label>
                <group.members>
                    <char.set>H</char.set>
                    <char.set>h</char.set>
                </group.members>
            </index.group>
            <index.group>
                <group.key>I</group.key>
                <group.label>I</group.label>
                <group.members>
                    <char.set>I</char.set>
                    <char.set>i</char.set>
                </group.members>
            </index.group>
            <index.group>
                <group.key>J</group.key>
                <group.label>J</group.label>
                <group.members>
                    <char.set>J</char.set>
                    <char.set>j</char.set>
                </group.members>
            </index.group>
            <index.group>
                <group.key>K</group.key>
                <group.label>K</group.label>
                <group.members>
                    <char.set>K</char.set>
                    <char.set>k</char.set>
                </group.members>
            </index.group>
            <index.group>
                <group.key>L</group.key>
                <group.label>L</group.label>
                <group.members>
                    <char.set>L</char.set>
                    <char.set>l</char.set>
                </group.members>
            </index.group>
            <index.group>
                <group.key>M</group.key>
                <group.label>M</group.label>
                <group.members>
                    <char.set>M</char.set>
                    <char.set>m</char.set>
                </group.members>
            </index.group>
            <index.group>
                <group.key>N</group.key>
                <group.label>N</group.label>
                <group.members>
                    <char.set>N</char.set>
                    <char.set>n</char.set>
                </group.members>
            </index.group>
            <index.group>
                <group.key>O</group.key>
                <group.label>O</group.label>
                <group.members>
                    <char.set>O</char.set>
                    <char.set>o</char.set>
                </group.members>
            </index.group>
            <index.group>
                <group.key>P</group.key>
                <group.label>P</group.label>
                <group.members>
                    <char.set>P</char.set>
                    <char.set>p</char.set>
                </group.members>
            </index.group>
            <index.group>
                <group.key>Q</group.key>
                <group.label>Q</group.label>
                <group.members>
                    <char.set>Q</char.set>
                    <char.set>q</char.set>
                </group.members>
            </index.group>
            <index.group>
                <group.key>R</group.key>
                <group.label>R</group.label>
                <group.members>
                    <char.set>R</char.set>
                    <char.set>r</char.set>
                </group.members>
            </index.group>
            <index.group>
                <group.key>S</group.key>
                <group.label>S</group.label>
                <group.members>
                    <char.set>S</char.set>
                    <char.set>s</char.set>
                </group.members>
            </index.group>
            <index.group>
                <group.key>T</group.key>
                <group.label>T</group.label>
                <group.members>
                    <char.set>T</char.set>
                    <char.set>t</char.set>
                </group.members>
            </index.group>
            <index.group>
                <group.key>U</group.key>
                <group.label>U</group.label>
                <group.members>
                    <char.set>U</char.set>
                    <char.set>u</char.set>
                </group.members>
            </index.group>
            <index.group>
                <group.key>V</group.key>
                <group.label>V</group.label>
                <group.members>
                    <char.set>V</char.set>
                    <char.set>v</char.set>
                </group.members>
            </index.group>
            <index.group>
                <group.key>W</group.key>
                <group.label>W</group.label>
                <group.members>
                    <char.set>W</char.set>
                    <char.set>w</char.set>
                </group.members>
            </index.group>
            <index.group>
                <group.key>X</group.key>
                <group.label>X</group.label>
                <group.members>
                    <char.set>X</char.set>
                    <char.set>x</char.set>
                </group.members>
            </index.group>
            <index.group>
                <group.key>Y</group.key>
                <group.label>Y</group.label>
                <group.members>
                    <char.set>Y</char.set>
                    <char.set>y</char.set>
                </group.members>
            </index.group>
            <index.group>
                <group.key>Z</group.key>
                <group.label>Z</group.label>
                <group.members>
                    <char.set>Z</char.set>
                    <char.set>z</char.set>
                </group.members>
            </index.group>

   <index.group>
      <group.key>ก</group.key>
      <group.label>ก</group.label>
      <group.members>
         <char.set>ก</char.set>
         <char.set>เก</char.set>
         <char.set>เกะ</char.set>
         <char.set>เกา</char.set>
         <char.set>เกาะ</char.set>
         <char.set>เกิ</char.set>
         <char.set>เกีย</char.set>
         <char.set>เกียะ</char.set>
         <char.set>เกือ</char.set>
         <char.set>เกือะ</char.set>
         <char.set>แก</char.set>
         <char.set>แกะ</char.set>
         <char.set>โก</char.set>
         <char.set>โกะ</char.set>
         <char.set>ใก</char.set>
         <char.set>ไก</char.set>
      </group.members>
   </index.group>
   <index.group>
      <group.key>ข</group.key>
      <group.label>ข</group.label>
      <group.members>
         <char.set>ข</char.set>
         <char.set>เข</char.set>
         <char.set>เขะ</char.set>
         <char.set>เขา</char.set>
         <char.set>เขาะ</char.set>
         <char.set>เขิ</char.set>
         <char.set>เขีย</char.set>
         <char.set>เขียะ</char.set>
         <char.set>เขือ</char.set>
         <char.set>เขือะ</char.set>
         <char.set>แข</char.set>
         <char.set>แขะ</char.set>
         <char.set>โข</char.set>
         <char.set>โขะ</char.set>
         <char.set>ใข</char.set>
         <char.set>ไข</char.set>
      </group.members>
   </index.group>
   <index.group>
      <group.key>ค</group.key>
      <group.label>ค</group.label>
      <group.members>
         <char.set>ค</char.set>
         <char.set>เค</char.set>
         <char.set>เคะ</char.set>
         <char.set>เคา</char.set>
         <char.set>เคาะ</char.set>
         <char.set>เคิ</char.set>
         <char.set>เคีย</char.set>
         <char.set>เคียะ</char.set>
         <char.set>เคือ</char.set>
         <char.set>เคือะ</char.set>
         <char.set>แค</char.set>
         <char.set>แคะ</char.set>
         <char.set>โค</char.set>
         <char.set>โคะ</char.set>
         <char.set>ใค</char.set>
         <char.set>ไค</char.set>
      </group.members>
   </index.group>
   <index.group>
      <group.key>ฆ</group.key>
      <group.label>ฆ</group.label>
      <group.members>
         <char.set>ฆ</char.set>
         <char.set>เฆ</char.set>
         <char.set>เฆะ</char.set>
         <char.set>เฆา</char.set>
         <char.set>เฆาะ</char.set>
         <char.set>เฆิ</char.set>
         <char.set>เฆีย</char.set>
         <char.set>เฆียะ</char.set>
         <char.set>เฆือ</char.set>
         <char.set>เฆือะ</char.set>
         <char.set>แฆ</char.set>
         <char.set>แฆะ</char.set>
         <char.set>โฆ</char.set>
         <char.set>โฆะ</char.set>
         <char.set>ใฆ</char.set>
         <char.set>ไฆ</char.set>
      </group.members>
   </index.group>
   <index.group>
      <group.key>ง</group.key>
      <group.label>ง</group.label>
      <group.members>
         <char.set>ง</char.set>
         <char.set>เง</char.set>
         <char.set>เงะ</char.set>
         <char.set>เงา</char.set>
         <char.set>เงาะ</char.set>
         <char.set>เงิ</char.set>
         <char.set>เงีย</char.set>
         <char.set>เงียะ</char.set>
         <char.set>เงือ</char.set>
         <char.set>เงือะ</char.set>
         <char.set>แง</char.set>
         <char.set>แงะ</char.set>
         <char.set>โง</char.set>
         <char.set>โงะ</char.set>
         <char.set>ใง</char.set>
         <char.set>ไง</char.set>
      </group.members>
   </index.group>
   <index.group>
      <group.key>จ</group.key>
      <group.label>จ</group.label>
      <group.members>
         <char.set>จ</char.set>
         <char.set>เจ</char.set>
         <char.set>เจะ</char.set>
         <char.set>เจา</char.set>
         <char.set>เจาะ</char.set>
         <char.set>เจิ</char.set>
         <char.set>เจีย</char.set>
         <char.set>เจียะ</char.set>
         <char.set>เจือ</char.set>
         <char.set>เจือะ</char.set>
         <char.set>แจ</char.set>
         <char.set>แจะ</char.set>
         <char.set>โจ</char.set>
         <char.set>โจะ</char.set>
         <char.set>ใจ</char.set>
         <char.set>ไจ</char.set>
      </group.members>
   </index.group>
   <index.group>
      <group.key>ฉ</group.key>
      <group.label>ฉ</group.label>
      <group.members>
         <char.set>ฉ</char.set>
         <char.set>เฉ</char.set>
         <char.set>เฉะ</char.set>
         <char.set>เฉา</char.set>
         <char.set>เฉาะ</char.set>
         <char.set>เฉิ</char.set>
         <char.set>เฉีย</char.set>
         <char.set>เฉียะ</char.set>
         <char.set>เฉือ</char.set>
         <char.set>เฉือะ</char.set>
         <char.set>แฉ</char.set>
         <char.set>แฉะ</char.set>
         <char.set>โฉ</char.set>
         <char.set>โฉะ</char.set>
         <char.set>ใฉ</char.set>
         <char.set>ไฉ</char.set>
      </group.members>
   </index.group>
   <index.group>
      <group.key>ช</group.key>
      <group.label>ช</group.label>
      <group.members>
         <char.set>ช</char.set>
         <char.set>เช</char.set>
         <char.set>เชะ</char.set>
         <char.set>เชา</char.set>
         <char.set>เชาะ</char.set>
         <char.set>เชิ</char.set>
         <char.set>เชีย</char.set>
         <char.set>เชียะ</char.set>
         <char.set>เชือ</char.set>
         <char.set>เชือะ</char.set>
         <char.set>แช</char.set>
         <char.set>แชะ</char.set>
         <char.set>โช</char.set>
         <char.set>โชะ</char.set>
         <char.set>ใช</char.set>
         <char.set>ไช</char.set>
      </group.members>
   </index.group>
   <index.group>
      <group.key>ซ</group.key>
      <group.label>ซ</group.label>
      <group.members>
         <char.set>ซ</char.set>
         <char.set>เซ</char.set>
         <char.set>เซะ</char.set>
         <char.set>เซา</char.set>
         <char.set>เซาะ</char.set>
         <char.set>เซิ</char.set>
         <char.set>เซีย</char.set>
         <char.set>เซียะ</char.set>
         <char.set>เซือ</char.set>
         <char.set>เซือะ</char.set>
         <char.set>แซ</char.set>
         <char.set>แซะ</char.set>
         <char.set>โซ</char.set>
         <char.set>โซะ</char.set>
         <char.set>ใซ</char.set>
         <char.set>ไซ</char.set>
      </group.members>
   </index.group>
   <index.group>
      <group.key>ฌ</group.key>
      <group.label>ฌ</group.label>
      <group.members>
         <char.set>ฌ</char.set>
         <char.set>เฌ</char.set>
         <char.set>เฌะ</char.set>
         <char.set>เฌา</char.set>
         <char.set>เฌาะ</char.set>
         <char.set>เฌิ</char.set>
         <char.set>เฌีย</char.set>
         <char.set>เฌียะ</char.set>
         <char.set>เฌือ</char.set>
         <char.set>เฌือะ</char.set>
         <char.set>แฌ</char.set>
         <char.set>แฌะ</char.set>
         <char.set>โฌ</char.set>
         <char.set>โฌะ</char.set>
         <char.set>ใฌ</char.set>
         <char.set>ไฌ</char.set>
      </group.members>
   </index.group>
   <index.group>
      <group.key>ญ</group.key>
      <group.label>ญ</group.label>
      <group.members>
         <char.set>ญ</char.set>
         <char.set>เญ</char.set>
         <char.set>เญะ</char.set>
         <char.set>เญา</char.set>
         <char.set>เญาะ</char.set>
         <char.set>เญิ</char.set>
         <char.set>เญีย</char.set>
         <char.set>เญียะ</char.set>
         <char.set>เญือ</char.set>
         <char.set>เญือะ</char.set>
         <char.set>แญ</char.set>
         <char.set>แญะ</char.set>
         <char.set>โญ</char.set>
         <char.set>โญะ</char.set>
         <char.set>ใญ</char.set>
         <char.set>ไญ</char.set>
      </group.members>
   </index.group>
   <index.group>
      <group.key>ฎ</group.key>
      <group.label>ฎ</group.label>
      <group.members>
         <char.set>ฎ</char.set>
         <char.set>เฎ</char.set>
         <char.set>เฎะ</char.set>
         <char.set>เฎา</char.set>
         <char.set>เฎาะ</char.set>
         <char.set>เฎิ</char.set>
         <char.set>เฎีย</char.set>
         <char.set>เฎียะ</char.set>
         <char.set>เฎือ</char.set>
         <char.set>เฎือะ</char.set>
         <char.set>แฎ</char.set>
         <char.set>แฎะ</char.set>
         <char.set>โฎ</char.set>
         <char.set>โฎะ</char.set>
         <char.set>ใฎ</char.set>
         <char.set>ไฎ</char.set>
      </group.members>
   </index.group>
   <index.group>
      <group.key>ฏ</group.key>
      <group.label>ฏ</group.label>
      <group.members>
         <char.set>ฏ</char.set>
         <char.set>เฏ</char.set>
         <char.set>เฏะ</char.set>
         <char.set>เฏา</char.set>
         <char.set>เฏาะ</char.set>
         <char.set>เฏิ</char.set>
         <char.set>เฏีย</char.set>
         <char.set>เฏียะ</char.set>
         <char.set>เฏือ</char.set>
         <char.set>เฏือะ</char.set>
         <char.set>แฏ</char.set>
         <char.set>แฏะ</char.set>
         <char.set>โฏ</char.set>
         <char.set>โฏะ</char.set>
         <char.set>ใฏ</char.set>
         <char.set>ไฏ</char.set>
      </group.members>
   </index.group>
   <index.group>
      <group.key>ฐ</group.key>
      <group.label>ฐ</group.label>
      <group.members>
         <char.set>ฐ</char.set>
         <char.set>เฐ</char.set>
         <char.set>เฐะ</char.set>
         <char.set>เฐา</char.set>
         <char.set>เฐาะ</char.set>
         <char.set>เฐิ</char.set>
         <char.set>เฐีย</char.set>
         <char.set>เฐียะ</char.set>
         <char.set>เฐือ</char.set>
         <char.set>เฐือะ</char.set>
         <char.set>แฐ</char.set>
         <char.set>แฐะ</char.set>
         <char.set>โฐ</char.set>
         <char.set>โฐะ</char.set>
         <char.set>ใฐ</char.set>
         <char.set>ไฐ</char.set>
      </group.members>
   </index.group>
   <index.group>
      <group.key>ฑ</group.key>
      <group.label>ฑ</group.label>
      <group.members>
         <char.set>ฑ</char.set>
         <char.set>เฑ</char.set>
         <char.set>เฑะ</char.set>
         <char.set>เฑา</char.set>
         <char.set>เฑาะ</char.set>
         <char.set>เฑิ</char.set>
         <char.set>เฑีย</char.set>
         <char.set>เฑียะ</char.set>
         <char.set>เฑือ</char.set>
         <char.set>เฑือะ</char.set>
         <char.set>แฑ</char.set>
         <char.set>แฑะ</char.set>
         <char.set>โฑ</char.set>
         <char.set>โฑะ</char.set>
         <char.set>ใฑ</char.set>
         <char.set>ไฑ</char.set>
      </group.members>
   </index.group>
   <index.group>
      <group.key>ฒ</group.key>
      <group.label>ฒ</group.label>
      <group.members>
         <char.set>ฒ</char.set>
         <char.set>เฒ</char.set>
         <char.set>เฒะ</char.set>
         <char.set>เฒา</char.set>
         <char.set>เฒาะ</char.set>
         <char.set>เฒิ</char.set>
         <char.set>เฒีย</char.set>
         <char.set>เฒียะ</char.set>
         <char.set>เฒือ</char.set>
         <char.set>เฒือะ</char.set>
         <char.set>แฒ</char.set>
         <char.set>แฒะ</char.set>
         <char.set>โฒ</char.set>
         <char.set>โฒะ</char.set>
         <char.set>ใฒ</char.set>
         <char.set>ไฒ</char.set>
      </group.members>
   </index.group>
   <index.group>
      <group.key>ณ</group.key>
      <group.label>ณ</group.label>
      <group.members>
         <char.set>ณ</char.set>
         <char.set>เณ</char.set>
         <char.set>เณะ</char.set>
         <char.set>เณา</char.set>
         <char.set>เณาะ</char.set>
         <char.set>เณิ</char.set>
         <char.set>เณีย</char.set>
         <char.set>เณียะ</char.set>
         <char.set>เณือ</char.set>
         <char.set>เณือะ</char.set>
         <char.set>แณ</char.set>
         <char.set>แณะ</char.set>
         <char.set>โณ</char.set>
         <char.set>โณะ</char.set>
         <char.set>ใณ</char.set>
         <char.set>ไณ</char.set>
      </group.members>
   </index.group>
   <index.group>
      <group.key>ด</group.key>
      <group.label>ด</group.label>
      <group.members>
         <char.set>ด</char.set>
         <char.set>เด</char.set>
         <char.set>เดะ</char.set>
         <char.set>เดา</char.set>
         <char.set>เดาะ</char.set>
         <char.set>เดิ</char.set>
         <char.set>เดีย</char.set>
         <char.set>เดียะ</char.set>
         <char.set>เดือ</char.set>
         <char.set>เดือะ</char.set>
         <char.set>แด</char.set>
         <char.set>แดะ</char.set>
         <char.set>โด</char.set>
         <char.set>โดะ</char.set>
         <char.set>ใด</char.set>
         <char.set>ได</char.set>
      </group.members>
   </index.group>
   <index.group>
      <group.key>ต</group.key>
      <group.label>ต</group.label>
      <group.members>
         <char.set>ต</char.set>
         <char.set>เต</char.set>
         <char.set>เตะ</char.set>
         <char.set>เตา</char.set>
         <char.set>เตาะ</char.set>
         <char.set>เติ</char.set>
         <char.set>เตีย</char.set>
         <char.set>เตียะ</char.set>
         <char.set>เตือ</char.set>
         <char.set>เตือะ</char.set>
         <char.set>แต</char.set>
         <char.set>แตะ</char.set>
         <char.set>โต</char.set>
         <char.set>โตะ</char.set>
         <char.set>ใต</char.set>
         <char.set>ไต</char.set>
      </group.members>
   </index.group>
   <index.group>
      <group.key>ถ</group.key>
      <group.label>ถ</group.label>
      <group.members>
         <char.set>ถ</char.set>
         <char.set>เถ</char.set>
         <char.set>เถะ</char.set>
         <char.set>เถา</char.set>
         <char.set>เถาะ</char.set>
         <char.set>เถิ</char.set>
         <char.set>เถีย</char.set>
         <char.set>เถียะ</char.set>
         <char.set>เถือ</char.set>
         <char.set>เถือะ</char.set>
         <char.set>แถ</char.set>
         <char.set>แถะ</char.set>
         <char.set>โถ</char.set>
         <char.set>โถะ</char.set>
         <char.set>ใถ</char.set>
         <char.set>ไถ</char.set>
      </group.members>
   </index.group>
   <index.group>
      <group.key>ท</group.key>
      <group.label>ท</group.label>
      <group.members>
         <char.set>ท</char.set>
         <char.set>เท</char.set>
         <char.set>เทะ</char.set>
         <char.set>เทา</char.set>
         <char.set>เทาะ</char.set>
         <char.set>เทิ</char.set>
         <char.set>เทีย</char.set>
         <char.set>เทียะ</char.set>
         <char.set>เทือ</char.set>
         <char.set>เทือะ</char.set>
         <char.set>แท</char.set>
         <char.set>แทะ</char.set>
         <char.set>โท</char.set>
         <char.set>โทะ</char.set>
         <char.set>ใท</char.set>
         <char.set>ไท</char.set>
      </group.members>
   </index.group>
   <index.group>
      <group.key>ธ</group.key>
      <group.label>ธ</group.label>
      <group.members>
         <char.set>ธ</char.set>
         <char.set>เธ</char.set>
         <char.set>เธะ</char.set>
         <char.set>เธา</char.set>
         <char.set>เธาะ</char.set>
         <char.set>เธิ</char.set>
         <char.set>เธีย</char.set>
         <char.set>เธียะ</char.set>
         <char.set>เธือ</char.set>
         <char.set>เธือะ</char.set>
         <char.set>แธ</char.set>
         <char.set>แธะ</char.set>
         <char.set>โธ</char.set>
         <char.set>โธะ</char.set>
         <char.set>ใธ</char.set>
         <char.set>ไธ</char.set>
      </group.members>
   </index.group>
   <index.group>
      <group.key>น</group.key>
      <group.label>น</group.label>
      <group.members>
         <char.set>น</char.set>
         <char.set>เน</char.set>
         <char.set>เนะ</char.set>
         <char.set>เนา</char.set>
         <char.set>เนาะ</char.set>
         <char.set>เนิ</char.set>
         <char.set>เนีย</char.set>
         <char.set>เนียะ</char.set>
         <char.set>เนือ</char.set>
         <char.set>เนือะ</char.set>
         <char.set>แน</char.set>
         <char.set>แนะ</char.set>
         <char.set>โน</char.set>
         <char.set>โนะ</char.set>
         <char.set>ใน</char.set>
         <char.set>ไน</char.set>
      </group.members>
   </index.group>
   <index.group>
      <group.key>บ</group.key>
      <group.label>บ</group.label>
      <group.members>
         <char.set>บ</char.set>
         <char.set>เบ</char.set>
         <char.set>เบะ</char.set>
         <char.set>เบา</char.set>
         <char.set>เบาะ</char.set>
         <char.set>เบิ</char.set>
         <char.set>เบีย</char.set>
         <char.set>เบียะ</char.set>
         <char.set>เบือ</char.set>
         <char.set>เบือะ</char.set>
         <char.set>แบ</char.set>
         <char.set>แบะ</char.set>
         <char.set>โบ</char.set>
         <char.set>โบะ</char.set>
         <char.set>ใบ</char.set>
         <char.set>ไบ</char.set>
      </group.members>
   </index.group>
   <index.group>
      <group.key>ป</group.key>
      <group.label>ป</group.label>
      <group.members>
         <char.set>ป</char.set>
         <char.set>เป</char.set>
         <char.set>เปะ</char.set>
         <char.set>เปา</char.set>
         <char.set>เปาะ</char.set>
         <char.set>เปิ</char.set>
         <char.set>เปีย</char.set>
         <char.set>เปียะ</char.set>
         <char.set>เปือ</char.set>
         <char.set>เปือะ</char.set>
         <char.set>แป</char.set>
         <char.set>แปะ</char.set>
         <char.set>โป</char.set>
         <char.set>โปะ</char.set>
         <char.set>ใป</char.set>
         <char.set>ไป</char.set>
      </group.members>
   </index.group>
   <index.group>
      <group.key>ผ</group.key>
      <group.label>ผ</group.label>
      <group.members>
         <char.set>ผ</char.set>
         <char.set>เผ</char.set>
         <char.set>เผะ</char.set>
         <char.set>เผา</char.set>
         <char.set>เผาะ</char.set>
         <char.set>เผิ</char.set>
         <char.set>เผีย</char.set>
         <char.set>เผียะ</char.set>
         <char.set>เผือ</char.set>
         <char.set>เผือะ</char.set>
         <char.set>แผ</char.set>
         <char.set>แผะ</char.set>
         <char.set>โผ</char.set>
         <char.set>โผะ</char.set>
         <char.set>ใผ</char.set>
         <char.set>ไผ</char.set>
      </group.members>
   </index.group>
   <index.group>
      <group.key>ฝ</group.key>
      <group.label>ฝ</group.label>
      <group.members>
         <char.set>ฝ</char.set>
         <char.set>เฝ</char.set>
         <char.set>เฝะ</char.set>
         <char.set>เฝา</char.set>
         <char.set>เฝาะ</char.set>
         <char.set>เฝิ</char.set>
         <char.set>เฝีย</char.set>
         <char.set>เฝียะ</char.set>
         <char.set>เฝือ</char.set>
         <char.set>เฝือะ</char.set>
         <char.set>แฝ</char.set>
         <char.set>แฝะ</char.set>
         <char.set>โฝ</char.set>
         <char.set>โฝะ</char.set>
         <char.set>ใฝ</char.set>
         <char.set>ไฝ</char.set>
      </group.members>
   </index.group>
   <index.group>
      <group.key>พ</group.key>
      <group.label>พ</group.label>
      <group.members>
         <char.set>พ</char.set>
         <char.set>เพ</char.set>
         <char.set>เพะ</char.set>
         <char.set>เพา</char.set>
         <char.set>เพาะ</char.set>
         <char.set>เพิ</char.set>
         <char.set>เพีย</char.set>
         <char.set>เพียะ</char.set>
         <char.set>เพือ</char.set>
         <char.set>เพือะ</char.set>
         <char.set>แพ</char.set>
         <char.set>แพะ</char.set>
         <char.set>โพ</char.set>
         <char.set>โพะ</char.set>
         <char.set>ใพ</char.set>
         <char.set>ไพ</char.set>
      </group.members>
   </index.group>
   <index.group>
      <group.key>ฟ</group.key>
      <group.label>ฟ</group.label>
      <group.members>
         <char.set>ฟ</char.set>
         <char.set>เฟ</char.set>
         <char.set>เฟะ</char.set>
         <char.set>เฟา</char.set>
         <char.set>เฟาะ</char.set>
         <char.set>เฟิ</char.set>
         <char.set>เฟีย</char.set>
         <char.set>เฟียะ</char.set>
         <char.set>เฟือ</char.set>
         <char.set>เฟือะ</char.set>
         <char.set>แฟ</char.set>
         <char.set>แฟะ</char.set>
         <char.set>โฟ</char.set>
         <char.set>โฟะ</char.set>
         <char.set>ใฟ</char.set>
         <char.set>ไฟ</char.set>
      </group.members>
   </index.group>
   <index.group>
      <group.key>ภ</group.key>
      <group.label>ภ</group.label>
      <group.members>
         <char.set>ภ</char.set>
         <char.set>เภ</char.set>
         <char.set>เภะ</char.set>
         <char.set>เภา</char.set>
         <char.set>เภาะ</char.set>
         <char.set>เภิ</char.set>
         <char.set>เภีย</char.set>
         <char.set>เภียะ</char.set>
         <char.set>เภือ</char.set>
         <char.set>เภือะ</char.set>
         <char.set>แภ</char.set>
         <char.set>แภะ</char.set>
         <char.set>โภ</char.set>
         <char.set>โภะ</char.set>
         <char.set>ใภ</char.set>
         <char.set>ไภ</char.set>
      </group.members>
   </index.group>
   <index.group>
      <group.key>ม</group.key>
      <group.label>ม</group.label>
      <group.members>
         <char.set>ม</char.set>
         <char.set>เม</char.set>
         <char.set>เมะ</char.set>
         <char.set>เมา</char.set>
         <char.set>เมาะ</char.set>
         <char.set>เมิ</char.set>
         <char.set>เมีย</char.set>
         <char.set>เมียะ</char.set>
         <char.set>เมือ</char.set>
         <char.set>เมือะ</char.set>
         <char.set>แม</char.set>
         <char.set>แมะ</char.set>
         <char.set>โม</char.set>
         <char.set>โมะ</char.set>
         <char.set>ใม</char.set>
         <char.set>ไม</char.set>
      </group.members>
   </index.group>
   <index.group>
      <group.key>ย</group.key>
      <group.label>ย</group.label>
      <group.members>
         <char.set>ย</char.set>
         <char.set>เย</char.set>
         <char.set>เยะ</char.set>
         <char.set>เยา</char.set>
         <char.set>เยาะ</char.set>
         <char.set>เยิ</char.set>
         <char.set>เยีย</char.set>
         <char.set>เยียะ</char.set>
         <char.set>เยือ</char.set>
         <char.set>เยือะ</char.set>
         <char.set>แย</char.set>
         <char.set>แยะ</char.set>
         <char.set>โย</char.set>
         <char.set>โยะ</char.set>
         <char.set>ใย</char.set>
         <char.set>ไย</char.set>
      </group.members>
   </index.group>
   <index.group>
      <group.key>ร</group.key>
      <group.label>ร</group.label>
      <group.members>
         <char.set>ร</char.set>
         <char.set>เร</char.set>
         <char.set>เระ</char.set>
         <char.set>เรา</char.set>
         <char.set>เราะ</char.set>
         <char.set>เริ</char.set>
         <char.set>เรีย</char.set>
         <char.set>เรียะ</char.set>
         <char.set>เรือ</char.set>
         <char.set>เรือะ</char.set>
         <char.set>แร</char.set>
         <char.set>แระ</char.set>
         <char.set>โร</char.set>
         <char.set>โระ</char.set>
         <char.set>ใร</char.set>
         <char.set>ไร</char.set>
      </group.members>
   </index.group>
   <index.group>
      <group.key>ฤ</group.key>
      <group.label>ฤ</group.label>
      <group.members>
         <char.set>ฤ</char.set>
      </group.members>
   </index.group>
   <index.group>
      <group.key>ล</group.key>
      <group.label>ล</group.label>
      <group.members>
         <char.set>ล</char.set>
         <char.set>เล</char.set>
         <char.set>เละ</char.set>
         <char.set>เลา</char.set>
         <char.set>เลาะ</char.set>
         <char.set>เลิ</char.set>
         <char.set>เลีย</char.set>
         <char.set>เลียะ</char.set>
         <char.set>เลือ</char.set>
         <char.set>เลือะ</char.set>
         <char.set>แล</char.set>
         <char.set>และ</char.set>
         <char.set>โล</char.set>
         <char.set>โละ</char.set>
         <char.set>ใล</char.set>
         <char.set>ไล</char.set>
      </group.members>
   </index.group>
   <index.group>
      <group.key>ฦ</group.key>
      <group.label>ฦ</group.label>
      <group.members>
         <char.set>ฦ</char.set>
      </group.members>
   </index.group>
   <index.group>
      <group.key>ว</group.key>
      <group.label>ว</group.label>
      <group.members>
         <char.set>ว</char.set>
         <char.set>เว</char.set>
         <char.set>เวะ</char.set>
         <char.set>เวา</char.set>
         <char.set>เวาะ</char.set>
         <char.set>เวิ</char.set>
         <char.set>เวีย</char.set>
         <char.set>เวียะ</char.set>
         <char.set>เวือ</char.set>
         <char.set>เวือะ</char.set>
         <char.set>แว</char.set>
         <char.set>แวะ</char.set>
         <char.set>โว</char.set>
         <char.set>โวะ</char.set>
         <char.set>ใว</char.set>
         <char.set>ไว</char.set>
      </group.members>
   </index.group>
   <index.group>
      <group.key>ศ</group.key>
      <group.label>ศ</group.label>
      <group.members>
         <char.set>ศ</char.set>
         <char.set>เศ</char.set>
         <char.set>เศะ</char.set>
         <char.set>เศา</char.set>
         <char.set>เศาะ</char.set>
         <char.set>เศิ</char.set>
         <char.set>เศีย</char.set>
         <char.set>เศียะ</char.set>
         <char.set>เศือ</char.set>
         <char.set>เศือะ</char.set>
         <char.set>แศ</char.set>
         <char.set>แศะ</char.set>
         <char.set>โศ</char.set>
         <char.set>โศะ</char.set>
         <char.set>ใศ</char.set>
         <char.set>ไศ</char.set>
      </group.members>
   </index.group>
   <index.group>
      <group.key>ษ</group.key>
      <group.label>ษ</group.label>
      <group.members>
         <char.set>ษ</char.set>
         <char.set>เษ</char.set>
         <char.set>เษะ</char.set>
         <char.set>เษา</char.set>
         <char.set>เษาะ</char.set>
         <char.set>เษิ</char.set>
         <char.set>เษีย</char.set>
         <char.set>เษียะ</char.set>
         <char.set>เษือ</char.set>
         <char.set>เษือะ</char.set>
         <char.set>แษ</char.set>
         <char.set>แษะ</char.set>
         <char.set>โษ</char.set>
         <char.set>โษะ</char.set>
         <char.set>ใษ</char.set>
         <char.set>ไษ</char.set>
      </group.members>
   </index.group>
   <index.group>
      <group.key>ส</group.key>
      <group.label>ส</group.label>
      <group.members>
         <char.set>ส</char.set>
         <char.set>เส</char.set>
         <char.set>เสะ</char.set>
         <char.set>เสา</char.set>
         <char.set>เสาะ</char.set>
         <char.set>เสิ</char.set>
         <char.set>เสีย</char.set>
         <char.set>เสียะ</char.set>
         <char.set>เสือ</char.set>
         <char.set>เสือะ</char.set>
         <char.set>แส</char.set>
         <char.set>แสะ</char.set>
         <char.set>โส</char.set>
         <char.set>โสะ</char.set>
         <char.set>ใส</char.set>
         <char.set>ไส</char.set>
      </group.members>
   </index.group>
   <index.group>
      <group.key>ห</group.key>
      <group.label>ห</group.label>
      <group.members>
         <char.set>ห</char.set>
         <char.set>เห</char.set>
         <char.set>เหะ</char.set>
         <char.set>เหา</char.set>
         <char.set>เหาะ</char.set>
         <char.set>เหิ</char.set>
         <char.set>เหีย</char.set>
         <char.set>เหียะ</char.set>
         <char.set>เหือ</char.set>
         <char.set>เหือะ</char.set>
         <char.set>แห</char.set>
         <char.set>แหะ</char.set>
         <char.set>โห</char.set>
         <char.set>โหะ</char.set>
         <char.set>ให</char.set>
         <char.set>ไห</char.set>
      </group.members>
   </index.group>
   <index.group>
      <group.key>ฬ</group.key>
      <group.label>ฬ</group.label>
      <group.members>
         <char.set>ฬ</char.set>
         <char.set>เฬ</char.set>
         <char.set>เฬะ</char.set>
         <char.set>เฬา</char.set>
         <char.set>เฬาะ</char.set>
         <char.set>เฬิ</char.set>
         <char.set>เฬีย</char.set>
         <char.set>เฬียะ</char.set>
         <char.set>เฬือ</char.set>
         <char.set>เฬือะ</char.set>
         <char.set>แฬ</char.set>
         <char.set>แฬะ</char.set>
         <char.set>โฬ</char.set>
         <char.set>โฬะ</char.set>
         <char.set>ใฬ</char.set>
         <char.set>ไฬ</char.set>
      </group.members>
   </index.group>
   <index.group>
      <group.key>อ</group.key>
      <group.label>อ</group.label>
      <group.members>
         <char.set>อ</char.set>
         <char.set>เอ</char.set>
         <char.set>เอะ</char.set>
         <char.set>เอา</char.set>
         <char.set>เอาะ</char.set>
         <char.set>เอิ</char.set>
         <char.set>เอีย</char.set>
         <char.set>เอียะ</char.set>
         <char.set>เอือ</char.set>
         <char.set>เอือะ</char.set>
         <char.set>แอ</char.set>
         <char.set>แอะ</char.set>
         <char.set>โอ</char.set>
         <char.set>โอะ</char.set>
         <char.set>ใอ</char.set>
         <char.set>ไอ</char.set>
      </group.members>
   </index.group>
   <index.group>
      <group.key>ฮ</group.key>
      <group.label>ฮ</group.label>
      <group.members>
         <char.set>ฮ</char.set>
         <char.set>เฮ</char.set>
         <char.set>เฮะ</char.set>
         <char.set>เฮา</char.set>
         <char.set>เฮาะ</char.set>
         <char.set>เฮิ</char.set>
         <char.set>เฮีย</char.set>
         <char.set>เฮียะ</char.set>
         <char.set>เฮือ</char.set>
         <char.set>เฮือะ</char.set>
         <char.set>แฮ</char.set>
         <char.set>แฮะ</char.set>
         <char.set>โฮ</char.set>
         <char.set>โฮะ</char.set>
         <char.set>ใฮ</char.set>
         <char.set>ไฮ</char.set>
      </group.members>
   </index.group>
        </index.groups>
    </index.configuration>
</index.configuration.set>