<?xml version="1.0" encoding="UTF-8"?>
<!--
  This file is part of the DITA Open Toolkit project.
  See the accompanying license.txt file for applicable licenses.
-->
<index.configuration.set>
    <index.configuration>
        <language>ur</language>
        <index.groups>
            <index.group>
                <group.key>Specials</group.key>
                <group.label>خاص حروف</group.label>
                <group.members>
                    <char.set>\</char.set>
                    <char.set>`</char.set>
                    <char.set>~</char.set>
                    <char.set>!</char.set>
                    <char.set>@</char.set>
                    <char.set>#</char.set>
                    <char.set>$</char.set>
                    <char.set>%</char.set>
                    <char.set>^</char.set>
                    <char.set>&amp;</char.set>
                    <char.set>*</char.set>
                    <char.set>(</char.set>
                    <char.set>)</char.set>
                    <char.set>_</char.set>
                    <char.set>-</char.set>
                    <char.set>=</char.set>
                    <char.set>+</char.set>
                    <char.set>'</char.set>
                    <char.set>"</char.set>
                    <char.set>;</char.set>
                    <char.set>:</char.set>
                    <char.set>&lt;</char.set>
                    <char.set>&gt;</char.set>
                    <char.set>.</char.set>
                    <char.set>,</char.set>
                    <char.set>/</char.set>
                    <char.set>?</char.set>
                    <char.set>[</char.set>
                    <char.set>]</char.set>
                    <char.set>{</char.set>
                    <char.set>}</char.set>
                    <char.set>|</char.set>
                </group.members>
            </index.group>
            <index.group>
                <group.key>Numbers</group.key>
                <group.label>نمبر</group.label>
                <group.members>
                    <char.set>0</char.set>
                    <char.set>０</char.set>
                    <char.set>1</char.set>
                    <char.set>１</char.set>
                    <char.set>2</char.set>
                    <char.set>２</char.set>
                    <char.set>3</char.set>
                    <char.set>３</char.set>
                    <char.set>4</char.set>
                    <char.set>４</char.set>
                    <char.set>5</char.set>
                    <char.set>５</char.set>
                    <char.set>6</char.set>
                    <char.set>６</char.set>
                    <char.set>7</char.set>
                    <char.set>７</char.set>
                    <char.set>8</char.set>
                    <char.set>８</char.set>
                    <char.set>9</char.set>
                    <char.set>９</char.set>
                </group.members>
            </index.group>
            <index.group>
                <group.key>A</group.key>
                <group.label>A</group.label>
                <group.members>
                    <char.set>A</char.set>
                    <char.set>a</char.set>
                </group.members>
            </index.group>
            <index.group>
                <group.key>B</group.key>
                <group.label>B</group.label>
                <group.members>
                    <char.set>B</char.set>
                    <char.set>b</char.set>
                </group.members>
            </index.group>
            <index.group>
                <group.key>C</group.key>
                <group.label>C</group.label>
                <group.members>
                    <char.set>C</char.set>
                    <char.set>c</char.set>
                </group.members>
            </index.group>
            <index.group>
                <group.key>D</group.key>
                <group.label>D</group.label>
                <group.members>
                    <char.set>D</char.set>
                    <char.set>d</char.set>
                </group.members>
            </index.group>
            <index.group>
                <group.key>E</group.key>
                <group.label>E</group.label>
                <group.members>
                    <char.set>E</char.set>
                    <char.set>e</char.set>
                </group.members>
            </index.group>
            <index.group>
                <group.key>F</group.key>
                <group.label>F</group.label>
                <group.members>
                    <char.set>F</char.set>
                    <char.set>f</char.set>
                </group.members>
            </index.group>
            <index.group>
                <group.key>G</group.key>
                <group.label>G</group.label>
                <group.members>
                    <char.set>G</char.set>
                    <char.set>g</char.set>
                </group.members>
            </index.group>
            <index.group>
                <group.key>H</group.key>
                <group.label>H</group.label>
                <group.members>
                    <char.set>H</char.set>
                    <char.set>h</char.set>
                </group.members>
            </index.group>
            <index.group>
                <group.key>I</group.key>
                <group.label>I</group.label>
                <group.members>
                    <char.set>I</char.set>
                    <char.set>i</char.set>
                </group.members>
            </index.group>
            <index.group>
                <group.key>J</group.key>
                <group.label>J</group.label>
                <group.members>
                    <char.set>J</char.set>
                    <char.set>j</char.set>
                </group.members>
            </index.group>
            <index.group>
                <group.key>K</group.key>
                <group.label>K</group.label>
                <group.members>
                    <char.set>K</char.set>
                    <char.set>k</char.set>
                </group.members>
            </index.group>
            <index.group>
                <group.key>L</group.key>
                <group.label>L</group.label>
                <group.members>
                    <char.set>L</char.set>
                    <char.set>l</char.set>
                </group.members>
            </index.group>
            <index.group>
                <group.key>M</group.key>
                <group.label>M</group.label>
                <group.members>
                    <char.set>M</char.set>
                    <char.set>m</char.set>
                </group.members>
            </index.group>
            <index.group>
                <group.key>N</group.key>
                <group.label>N</group.label>
                <group.members>
                    <char.set>N</char.set>
                    <char.set>n</char.set>
                </group.members>
            </index.group>
            <index.group>
                <group.key>O</group.key>
                <group.label>O</group.label>
                <group.members>
                    <char.set>O</char.set>
                    <char.set>o</char.set>
                </group.members>
            </index.group>
            <index.group>
                <group.key>P</group.key>
                <group.label>P</group.label>
                <group.members>
                    <char.set>P</char.set>
                    <char.set>p</char.set>
                </group.members>
            </index.group>
            <index.group>
                <group.key>Q</group.key>
                <group.label>Q</group.label>
                <group.members>
                    <char.set>Q</char.set>
                    <char.set>q</char.set>
                </group.members>
            </index.group>
            <index.group>
                <group.key>R</group.key>
                <group.label>R</group.label>
                <group.members>
                    <char.set>R</char.set>
                    <char.set>r</char.set>
                </group.members>
            </index.group>
            <index.group>
                <group.key>S</group.key>
                <group.label>S</group.label>
                <group.members>
                    <char.set>S</char.set>
                    <char.set>s</char.set>
                </group.members>
            </index.group>
            <index.group>
                <group.key>T</group.key>
                <group.label>T</group.label>
                <group.members>
                    <char.set>T</char.set>
                    <char.set>t</char.set>
                </group.members>
            </index.group>
            <index.group>
                <group.key>U</group.key>
                <group.label>U</group.label>
                <group.members>
                    <char.set>U</char.set>
                    <char.set>u</char.set>
                </group.members>
            </index.group>
            <index.group>
                <group.key>V</group.key>
                <group.label>V</group.label>
                <group.members>
                    <char.set>V</char.set>
                    <char.set>v</char.set>
                </group.members>
            </index.group>
            <index.group>
                <group.key>W</group.key>
                <group.label>W</group.label>
                <group.members>
                    <char.set>W</char.set>
                    <char.set>w</char.set>
                </group.members>
            </index.group>
            <index.group>
                <group.key>X</group.key>
                <group.label>X</group.label>
                <group.members>
                    <char.set>X</char.set>
                    <char.set>x</char.set>
                </group.members>
            </index.group>
            <index.group>
                <group.key>Y</group.key>
                <group.label>Y</group.label>
                <group.members>
                    <char.set>Y</char.set>
                    <char.set>y</char.set>
                </group.members>
            </index.group>
            <index.group>
                <group.key>Z</group.key>
                <group.label>Z</group.label>
                <group.members>
                    <char.set>Z</char.set>
                    <char.set>z</char.set>
                </group.members>
            </index.group>
            <index.group>
                <group.key>alef</group.key>
                <group.label>ا</group.label>
                <group.members>
                    <char.set>ا</char.set>
                    <char.set>أ</char.set>
                </group.members>
            </index.group>
            <index.group>
                <group.key>alefmadda</group.key>
                <group.label>آ</group.label>
                <group.members>
                    <char.set>آ</char.set>
                </group.members>
            </index.group>
            <index.group>
                <group.key>beh</group.key>
                <group.label>ب</group.label>
                <group.members>
                    <char.set>ب</char.set>
                </group.members>
            </index.group>
            <index.group>
                <group.key>beh-heh</group.key>
                <group.label>بھ</group.label>
                <group.members>
                    <char.set>بھ</char.set>
                </group.members>
            </index.group>
            <index.group>
                <group.key>peh</group.key>
                <group.label>پ</group.label>
                <group.members>
                    <char.set>پ</char.set>
                </group.members>
            </index.group>
            <index.group>
                <group.key>peh-heh</group.key>
                <group.label>پھ</group.label>
                <group.members>
                    <char.set>پھ</char.set>
                </group.members>
            </index.group>
            <index.group>
                <group.key>teh</group.key>
                <group.label>ت</group.label>
                <group.members>
                    <char.set>ت</char.set>
                </group.members>
            </index.group>
            <index.group>
                <group.key>teh-heh</group.key>
                <group.label>تھ</group.label>
                <group.members>
                    <char.set>تھ</char.set>
                </group.members>
            </index.group>
            <index.group>
                <group.key>tteh</group.key>
                <group.label>ٹ</group.label>
                <group.members>
                    <char.set>ٹ</char.set>
                </group.members>
            </index.group>
            <index.group>
                <group.key>theh-heh</group.key>
                <group.label>ٹھ</group.label>
                <group.members>
                    <char.set>ٹھ</char.set>
                </group.members>
            </index.group>
            <index.group>
                <group.key>theh</group.key>
                <group.label>ث</group.label>
                <group.members>
                    <char.set>ث</char.set>
                </group.members>
            </index.group>
            <index.group>
                <group.key>jeem</group.key>
                <group.label>ج</group.label>
                <group.members>
                    <char.set>ج</char.set>
                </group.members>
            </index.group>
            <index.group>
                <group.key>jeem-heh</group.key>
                <group.label>جھ</group.label>
                <group.members>
                    <char.set>جھ</char.set>
                </group.members>
            </index.group>
            <index.group>
                <group.key>tcheh</group.key>
                <group.label>چ</group.label>
                <group.members>
                    <char.set>چ</char.set>
                </group.members>
            </index.group>
            <index.group>
                <group.key>tcheh-heh</group.key>
                <group.label>چھ</group.label>
                <group.members>
                    <char.set>چھ</char.set>
                </group.members>
            </index.group>
            <index.group>
                <group.key>hah</group.key>
                <group.label>ح</group.label>
                <group.members>
                    <char.set>ح</char.set>
                </group.members>
            </index.group>
            <index.group>
                <group.key>khah</group.key>
                <group.label>خ</group.label>
                <group.members>
                    <char.set>خ</char.set>
                </group.members>
            </index.group>
            <index.group>
                <group.key>dal</group.key>
                <group.label>د</group.label>
                <group.members>
                    <char.set>د</char.set>
                </group.members>
            </index.group>
            <index.group>
                <group.key>dal-heh</group.key>
                <group.label>دھ</group.label>
                <group.members>
                    <char.set>دھ</char.set>
                </group.members>
            </index.group>
            <index.group>
                <group.key>ddal</group.key>
                <group.label>ڈ</group.label>
                <group.members>
                    <char.set>ڈ</char.set>
                </group.members>
            </index.group>
            <index.group>
                <group.key>ddal-heh</group.key>
                <group.label>ڈھ</group.label>
                <group.members>
                    <char.set>ڈھ</char.set>
                </group.members>
            </index.group>
            <index.group>
                <group.key>thal</group.key>
                <group.label>ذ</group.label>
                <group.members>
                    <char.set>ذ</char.set>
                </group.members>
            </index.group>
            <index.group>
                <group.key>reh</group.key>
                <group.label>ر</group.label>
                <group.members>
                    <char.set>ر</char.set>
                </group.members>
            </index.group>
            <index.group>
                <group.key>reh-heh</group.key>
                <group.label>رھ</group.label>
                <group.members>
                    <char.set>رھ</char.set>
                </group.members>
            </index.group>
            <index.group>
                <group.key>rreh</group.key>
                <group.label>ڑ</group.label>
                <group.members>
                    <char.set>ڑ</char.set>
                </group.members>
            </index.group>
            <index.group>
                <group.key>rreh-heh</group.key>
                <group.label>ڑھ</group.label>
                <group.members>
                    <char.set>ڑھ</char.set>
                </group.members>
            </index.group>
            <index.group>
                <group.key>zain</group.key>
                <group.label>ز</group.label>
                <group.members>
                    <char.set>ز</char.set>
                </group.members>
            </index.group>
            <index.group>
                <group.key>jeh</group.key>
                <group.label>ژ</group.label>
                <group.members>
                    <char.set>ژ</char.set>
                </group.members>
            </index.group>
            <index.group>
                <group.key>seen</group.key>
                <group.label>س</group.label>
                <group.members>
                    <char.set>س</char.set>
                </group.members>
            </index.group>
            <index.group>
                <group.key>sheen</group.key>
                <group.label>ش</group.label>
                <group.members>
                    <char.set>ش</char.set>
                </group.members>
            </index.group>
            <index.group>
                <group.key>sad</group.key>
                <group.label>ص</group.label>
                <group.members>
                    <char.set>ص</char.set>
                </group.members>
            </index.group>
            <index.group>
                <group.key>dad</group.key>
                <group.label>ض</group.label>
                <group.members>
                    <char.set>ض</char.set>
                </group.members>
            </index.group>
            <index.group>
                <group.key>tah</group.key>
                <group.label>ط</group.label>
                <group.members>
                    <char.set>ط</char.set>
                </group.members>
            </index.group>
            <index.group>
                <group.key>zah</group.key>
                <group.label>ظ</group.label>
                <group.members>
                    <char.set>ظ</char.set>
                </group.members>
            </index.group>
            <index.group>
                <group.key>ain</group.key>
                <group.label>ع</group.label>
                <group.members>
                    <char.set>ع</char.set>
                </group.members>
            </index.group>
            <index.group>
                <group.key>ghain</group.key>
                <group.label>غ</group.label>
                <group.members>
                    <char.set>غ</char.set>
                </group.members>
            </index.group>
            <index.group>
                <group.key>feh</group.key>
                <group.label>ف</group.label>
                <group.members>
                    <char.set>ف</char.set>
                </group.members>
            </index.group>
            <index.group>
                <group.key>qaf</group.key>
                <group.label>ق</group.label>
                <group.members>
                    <char.set>ق</char.set>
                </group.members>
            </index.group>
            <index.group>
                <group.key>keheh</group.key>
                <group.label>ک</group.label>
                <group.members>
                    <char.set>ک</char.set>
                </group.members>
            </index.group>
            <index.group>
                <group.key>keheh-heh</group.key>
                <group.label>کھ</group.label>
                <group.members>
                    <char.set>کھ</char.set>
                </group.members>
            </index.group>
            <index.group>
                <group.key>gaf</group.key>
                <group.label>گ</group.label>
                <group.members>
                    <char.set>گ</char.set>
                </group.members>
            </index.group>
            <index.group>
                <group.key>gaf-heh</group.key>
                <group.label>گھ</group.label>
                <group.members>
                    <char.set>گھ</char.set>
                </group.members>
            </index.group>
            <index.group>
                <group.key>lam</group.key>
                <group.label>ل</group.label>
                <group.members>
                    <char.set>ل</char.set>
                </group.members>
            </index.group>
            <index.group>
                <group.key>lam-heh</group.key>
                <group.label>لھ</group.label>
                <group.members>
                    <char.set>لھ</char.set>
                </group.members>
            </index.group>
            <index.group>
                <group.key>meem</group.key>
                <group.label>م</group.label>
                <group.members>
                    <char.set>م</char.set>
                </group.members>
            </index.group>
            <index.group>
                <group.key>meem-heh</group.key>
                <group.label>مھ</group.label>
                <group.members>
                    <char.set>مھ</char.set>
                </group.members>
            </index.group>
            <index.group>
                <group.key>noon</group.key>
                <group.label>ن</group.label>
                <group.members>
                    <char.set>ن</char.set>
                </group.members>
            </index.group>
            <index.group>
                <group.key>noon-heh</group.key>
                <group.label>نھ</group.label>
                <group.members>
                    <char.set>نھ</char.set>
                </group.members>
            </index.group>
            <index.group>
                <group.key>noon-ghunna</group.key>
                <group.label>ں</group.label>
                <group.members>
                    <char.set>ں</char.set>
                </group.members>
            </index.group>
            <index.group>
                <group.key>noon-gunna-heh</group.key>
                <group.label>ںھ</group.label>
                <group.members>
                    <char.set>ںھ</char.set>
                </group.members>
            </index.group>
            <index.group>
                <group.key>waw</group.key>
                <group.label>و</group.label>
                <group.members>
                    <char.set>و</char.set>
                    <char.set>ؤ</char.set>
                </group.members>
            </index.group>
            <index.group>
                <group.key>waw-heh</group.key>
                <group.label>وھ</group.label>
                <group.members>
                    <char.set>وھ</char.set>
                </group.members>
            </index.group>
            <index.group>
                <group.key>goal</group.key>
                <group.label>ہ</group.label>
                <group.members>
                    <char.set>ہ</char.set>
                    <char.set>ۂ</char.set>
                </group.members>
            </index.group>
            <index.group>
                <group.key>heh</group.key>
                <group.label>ھ</group.label>
                <group.members>
                    <char.set>ھ</char.set>
                </group.members>
            </index.group>
            <index.group>
                <group.key>teh-marbuta-goal</group.key>
                <group.label>ۃ</group.label>
                <group.members>
                    <char.set>ۃ</char.set>
                </group.members>
            </index.group>
            <index.group>
                <group.key>hamza</group.key>
                <group.label>ء</group.label>
                <group.members>
                    <char.set>ء</char.set>
                </group.members>
            </index.group>
            <index.group>
                <group.key>yeh</group.key>
                <group.label>ی</group.label>
                <group.members>
                    <char.set>ی</char.set>
                    <char.set>ئ</char.set>
                </group.members>
            </index.group>
            <index.group>
                <group.key>yeh-heh</group.key>
                <group.label>ي</group.label>
                <group.members>
                    <char.set>یھ</char.set>
                </group.members>
            </index.group>
            <index.group>
                <group.key>yeh-barree</group.key>
                <group.label>ے</group.label>
                <group.members>
                    <char.set>ے</char.set>
                    <char.set>ۓ</char.set>
                </group.members>
            </index.group>
        </index.groups>
    </index.configuration>
</index.configuration.set>
