<?xml version="1.0" encoding="UTF-8"?>
<!--  
  This file is part of the DITA Open Toolkit project.
  See the accompanying license.txt file for applicable licenses.
-->
<vars xmlns="http://www.idiominc.com/opentopic/vars">
  <variable id="Product Name"/>
  <variable id="Body odd footer"/>
  <variable id="Body even footer"/>
  <variable id="Body first footer"/>
  <variable id="Body first header"/>
  <variable id="Body odd header"><param ref-name="prodname"/> | <param ref-name="heading"/> | <param ref-name="pagenum"/></variable>
  <variable id="Body even header"><param ref-name="pagenum"/> | <param ref-name="heading"/> | <param ref-name="prodname"/></variable>
  <variable id="Preface odd footer"/>
  <variable id="Preface even footer"/>
  <variable id="Preface first footer"/>
  <variable id="Preface odd header"><param ref-name="prodname"/> | Inleiding | <param ref-name="pagenum"/></variable>
  <variable id="Preface even header"><param ref-name="pagenum"/> | Inleiding | <param ref-name="prodname"/></variable>
  <variable id="Preface first header"/>
  <variable id="Toc odd footer"/>
  <variable id="Toc even footer"/>
  <!-- Inhoud -->
  <variable id="Toc odd header"><param ref-name="prodname"/> | <param ref-name="heading"/> | <param ref-name="pagenum"/></variable>
  <variable id="Toc even header"><param ref-name="pagenum"/> | <param ref-name="heading"/> | <param ref-name="prodname"/></variable>
  <variable id="Index odd footer"/>
  <variable id="Index even footer"/>
  <variable id="Index odd header"><param ref-name="prodname"/> | <param ref-name="heading"/> | <param ref-name="pagenum"/></variable>
  <variable id="Index even header"><param ref-name="pagenum"/> | <param ref-name="heading"/> | <param ref-name="prodname"/></variable>
  <variable id="Ordered List Number"><param ref-name="number"/>. </variable>
  <variable id="Unordered List bullet">•</variable>
  <variable id="Table of Contents">Inhoudsopgave</variable>
  
  <variable id="Index Continued String">Vervolg</variable>
  <variable id="Index See String">, zie </variable>
  <variable id="Index See Also String">Zie ook </variable>
  <variable id="Table of Contents Chapter">Hoofdstuk <param ref-name="number"/>: </variable>
  <variable id="Table of Contents Appendix">Bijlage <param ref-name="number"/>: </variable>
  <variable id="Table of Contents Part">Deel <param ref-name="number"/>: </variable>
  <variable id="Table of Contents Preface">Voorwoord: </variable>
  <variable id="Table of Contents Notices"/>
  <variable id="Preface title">Voorwoord</variable>
  <variable id="Notices title">Let op</variable>
  <variable id="Mini Toc">Onderwerpen: </variable>
  <variable id="#note-separator">: </variable>

  <variable id="Figure.title">Figuur <param ref-name="number"/>: <param ref-name="title"/></variable>
  <variable id="Figure Number">Figuur <param ref-name="number"/></variable>
  <variable id="Table.title">Tabel <param ref-name="number"/>: <param ref-name="title"/></variable>
  <variable id="Table Number">Tabel <param ref-name="number"/></variable>
  <variable id="Related Links">Verwante onderwerpen</variable>
  <variable id="Cross-Reference">Verwijzing naar:</variable>
  <variable id="Content-Reference">Verwijzing naar:</variable>
  <!-- Deprecated since 2.3 -->
  <variable id="Untitled section">Naamloze sectie.</variable>
  <variable id="List item">Lijst onderdeel.</variable>
  <variable id="Foot note">Voetnoot.</variable>
  <variable id="Navigation title">Navigatietitel</variable>
  <!-- Deprecated since 2.3 -->
  <variable id="Search title">Zoektitel</variable>
  <variable id="Chapter with number">Hoofdstuk <param ref-name="number"/></variable>
  <variable id="Appendix with number">Appendix <param ref-name="number"/></variable>
  <variable id="Part with number">Deel <param ref-name="number"/></variable>
  <variable id="Required-Cleanup">[Controle nodig]</variable>
  <variable id="On the page"> op pagina <param ref-name="pagenum"/></variable>
  <variable id="Page"> pagina <param ref-name="pagenum"/></variable>
  <variable id="This link">deze verwijzing</variable>
  <variable id="note Note Image Path"></variable>
  <variable id="notice Note Image Path"></variable>
  <variable id="attention Note Image Path">Configuration/OpenTopic/cfg/common/artwork/warning.gif</variable>
  <variable id="caution Note Image Path">Configuration/OpenTopic/cfg/common/artwork/warning.gif</variable>
  <variable id="danger Note Image Path">Configuration/OpenTopic/cfg/common/artwork/warning.gif</variable>
  <variable id="warning Note Image Path">Configuration/OpenTopic/cfg/common/artwork/warning.gif</variable>
  <variable id="fastpath Note Image Path"></variable>
  <variable id="important Note Image Path"></variable>
  <variable id="remember Note Image Path"></variable>
  <variable id="restriction Note Image Path"></variable>
  <variable id="tip Note Image Path"></variable>
  <variable id="other Note Image Path"></variable>

  <variable id="Child topics">Onderliggende onderwerpen</variable>

  <variable id="Related references">Verwante verwijzingen</variable>
  
  <!-- Deprecated since 2.3 -->
  <variable id="Contents button title">Inhoud</variable>
  <!-- Deprecated since 2.3 -->
  <variable id="Index button title">Index</variable>
  <!-- Deprecated since 2.3 -->
  <variable id="Index multiple entries separator">, </variable>
  <!-- Deprecated since 2.3 -->
  <variable id="Search button title">Zoek</variable>
  <!-- Deprecated since 2.3 -->
  <variable id="Back button title">Terug</variable>
  <!-- Deprecated since 2.3 -->
  <variable id="Forward button title">Vooruit</variable>
  <!-- Deprecated since 2.3 -->
  <variable id="Main page button title">Hoofdpagina</variable>
  <!-- Deprecated since 2.3 -->
  <variable id="Previous page button title">Vorig onderwerp</variable>
  <!-- Deprecated since 2.3 -->
  <variable id="Next page button title">Volgend onderwerp</variable>
  <!-- Deprecated since 2.3 -->
  <variable id="Online help prefix">Online Help</variable>
  <!-- Deprecated since 2.3 -->
  <variable id="Search index field title">Zoek op het trefwoord:</variable>
  <!-- Deprecated since 2.3 -->
  <variable id="Search index button title">Zie</variable>
  <!-- Deprecated since 2.3 -->
  <variable id="Search text field title">Zoek help voor:</variable>
  <!-- Deprecated since 2.3 -->
  <variable id="Search text button title">Zoek</variable>
  <!-- Deprecated since 2.3 -->
  <variable id="Online Help Search Method Field">Zoek methode</variable>
  <!-- Deprecated since 2.3 -->
  <variable id="Online Help Search Method Or">of</variable>
  <!-- Deprecated since 2.3 -->
  <variable id="Online Help Search Method And">en</variable>
  <!-- Deprecated since 2.3 -->
  <variable id="Search Highlight Switch">Markeer tekst in zoekresultaten</variable>
  <!-- Deprecated since 2.3 -->
  <variable id="Search index next button title">Toon volgende</variable>
  <!-- Deprecated since 2.3 -->
  <variable id="Search Whole Words Switch">Zoek alleen hele woorden</variable>
  <!-- Deprecated since 2.3 -->
  <variable id="Search Case Sensitive Switch">Hoofdlettergevoelig</variable>
  <!-- Deprecated since 2.3 -->
  <variable id="Search Stopped Message">De zoekactie is gestopt na 50 treffers.</variable>
  <!-- Deprecated since 2.3 -->
  <variable id="Search Excluded Stop Words Message">"De volgende woorden worden uitgesloten van de zoekactie: "+<param ref-name="stop-words-list"/></variable>
  <!-- Deprecated since 2.3 -->
  <variable id="Search Search in Progress Message">De zoekactie loopt...</variable>
  <!-- Deprecated since 2.3 -->
  <variable id="Search Search Give No Results Message">Geen treffers gevonden.</variable>
  <variable id="Optional Step">Optioneel:</variable>
  <variable id="Required Step">Vereist:</variable>
  <!-- Task strings now reused from common -->
  <variable id="Task Prereq"></variable>
  <variable id="Task Context"></variable>
  <variable id="Task Steps"></variable>
  <variable id="#steps-unordered-label"></variable>
  <variable id="Task Result"></variable>
  <variable id="Task Example"></variable>
  <variable id="Task Postreq"></variable>

  <!--Glossary Variables-->
  <!-- The footer that appears on the odd-numbered glossary pages. -->
  <variable id="Glossary odd footer"/>
  <!-- The footer that appears on the even-numbered glossary pages. -->
  <variable id="Glossary even footer"/>
  <!-- The header that appears on the odd-numbered glossary pages. -->
  <variable id="Glossary odd header"><param ref-name="prodname"/> | <param ref-name="heading"/> | <param ref-name="pagenum"/></variable>
  <!-- The header that appears on the even-numbered glossary pages. -->
  <variable id="Glossary even header"><param ref-name="pagenum"/> | <param ref-name="heading"/> | <param ref-name="prodname"/></variable>
  <!-- The heading string to put at the top of the Glossary -->
  <variable id="Glossary">Verklarende woordenlijst</variable>
  <!-- The heading string to put at the top of the List of Tables -->
  <variable id="List of Tables">Tabellen</variable>
  <!-- The heading string to put at the top of the List of Figures -->
  <variable id="List of Figures">Figuren</variable>

  <variable id="#menucascade-separator"> &gt; </variable>
  <variable id="#quote-start">“</variable>
  <variable id="#quote-end">”</variable>
</vars>