<?xml version="1.0" encoding="UTF-8"?>
<!--   
This file is part of the DITA Open Toolkit project. 
See the accompanying license.txt file for applicable licenses.
-->
<vars xmlns="http://www.idiominc.com/opentopic/vars">
  <variable id="Product Name"/>
  <variable id="Body odd footer"/>
  <variable id="Body even footer"/>
  <variable id="Body first footer"/>
  <variable id="Body first header"/>
  <variable id="Body odd header"><param ref-name="prodname"/> | <param ref-name="heading"/> | <param ref-name="pagenum"/></variable>
  <variable id="Body even header"><param ref-name="pagenum"/> | <param ref-name="heading"/> | <param ref-name="prodname"/></variable>
  <variable id="Preface odd footer"/>
  <variable id="Preface even footer"/>
  <variable id="Preface first footer"/>
  <variable id="Preface odd header"><param ref-name="prodname"/> | Uvod | <param ref-name="pagenum"/></variable>
  <variable id="Preface even header"><param ref-name="pagenum"/> | Uvod | <param ref-name="prodname"/></variable>
  <variable id="Preface first header"/>
  <variable id="Toc odd footer"/>
  <variable id="Toc even footer"/>
  <variable id="Toc odd header"><param ref-name="prodname"/> | <param ref-name="heading"/> | <param ref-name="pagenum"/></variable>
  <variable id="Toc even header"><param ref-name="pagenum"/> | <param ref-name="heading"/> | <param ref-name="prodname"/></variable>
  <variable id="Index odd footer"/>
  <variable id="Index even footer"/>
  <variable id="Index odd header"><param ref-name="prodname"/> | <param ref-name="heading"/> | <param ref-name="pagenum"/></variable>
  <variable id="Index even header"><param ref-name="pagenum"/> | <param ref-name="heading"/> | <param ref-name="prodname"/></variable>
  <variable id="Ordered List Number"><param ref-name="number"/>. </variable>
  <variable id="Unordered List bullet">•</variable>
  <variable id="Table of Contents">Kazalo</variable>
  
  <variable id="Index Continued String">Se nadaljuje</variable>
  <variable id="Index See String">, Gl. </variable>
  <variable id="Index See Also String">Gl.tudi </variable>
  <variable id="Table of Contents Chapter">Kazalo poglavja <param ref-name="number"/>: </variable>
  <variable id="Table of Contents Appendix">Kazalo dodatka <param ref-name="number"/>: </variable>
  <variable id="Table of Contents Part">Kazalo dela <param ref-name="number"/>: </variable>
  <variable id="Table of Contents Preface">Kazalo predgovora: </variable>
  <variable id="Table of Contents Notices"/>
  <variable id="Preface title">Predgovor</variable>
  <variable id="Notices title">Opozorilo</variable>
  <variable id="Mini Toc">Teme: </variable>
  <variable id="#note-separator">: </variable>
  
  <variable id="Notice">Objava</variable>

  <variable id="Figure.title">Slika <param ref-name="number"/>: <param ref-name="title"/></variable>
  <variable id="Figure Number">Slika <param ref-name="number"/></variable>
  <variable id="Table.title">Tabela <param ref-name="number"/>: <param ref-name="title"/></variable>
  <variable id="Table Number">Tabela <param ref-name="number"/></variable>
  <variable id="Related Links">Sorodne povezave</variable>
  <variable id="Cross-Reference">Križni sklic na:</variable>
  <variable id="Content-Reference">Navzkrižni sklic na:</variable>
  <!-- Deprecated since 2.3 -->
  <variable id="Untitled section">Neimenovan odsek.</variable>
  <variable id="List item">Točka seznama.</variable>
  <variable id="Foot note">Opomba v nogi.</variable>
  <variable id="Navigation title">Poimenovanje krmarjenja</variable>
  <!-- Deprecated since 2.3 -->
  <variable id="Search title">Poimenovanje iskanja</variable>
  <variable id="Chapter with number">Poglavje <param ref-name="number"/></variable>
  <variable id="Appendix with number">Dodatek <param ref-name="number"/></variable>
  <variable id="Part with number">Del <param ref-name="number"/></variable>
  <variable id="Required-Cleanup">[Zahtevano čiščenje]</variable>
  <variable id="On the page"> na strani <param ref-name="pagenum"/></variable>
  <variable id="Page"> stran <param ref-name="pagenum"/></variable>
  <variable id="This link">ta povezava</variable>
  <variable id="note Note Image Path"></variable>
  <variable id="notice Note Image Path"></variable>
  <variable id="attention Note Image Path">Configuration/OpenTopic/cfg/common/artwork/warning.gif</variable>
  <variable id="caution Note Image Path">Configuration/OpenTopic/cfg/common/artwork/warning.gif</variable>
  <variable id="danger Note Image Path">Configuration/OpenTopic/cfg/common/artwork/warning.gif</variable>
  <variable id="warning Note Image Path">Configuration/OpenTopic/cfg/common/artwork/warning.gif</variable>
  <variable id="fastpath Note Image Path"></variable>
  <variable id="important Note Image Path"></variable>
  <variable id="remember Note Image Path"></variable>
  <variable id="restriction Note Image Path"></variable>
  <variable id="tip Note Image Path"></variable>
  <variable id="other Note Image Path"></variable>

  <variable id="Child topics">Podrejen</variable>

  <variable id="Related references">Sorodne reference</variable>
  
  <!-- Deprecated since 2.3 -->
  <variable id="Contents button title">Vsebine</variable>
  <!-- Deprecated since 2.3 -->
  <variable id="Index button title">Kazalo</variable>
  <!-- Deprecated since 2.3 -->
  <variable id="Index multiple entries separator">, </variable>
  <!-- Deprecated since 2.3 -->
  <variable id="Search button title">Iskanje</variable>
  <!-- Deprecated since 2.3 -->
  <variable id="Back button title">Nazaj</variable>
  <!-- Deprecated since 2.3 -->
  <variable id="Forward button title">Naprej</variable>
  <!-- Deprecated since 2.3 -->
  <variable id="Main page button title">Domov</variable>
  <!-- Deprecated since 2.3 -->
  <variable id="Previous page button title">Predhodnji</variable>
  <!-- Deprecated since 2.3 -->
  <variable id="Next page button title">Naslednji</variable>
  <!-- Deprecated since 2.3 -->
  <variable id="Online help prefix">Sprotna pomoč</variable>
  <!-- Deprecated since 2.3 -->
  <variable id="Search index field title">Išči ključno besedo:</variable>
  <!-- Deprecated since 2.3 -->
  <variable id="Search index button title">Poglej</variable>
  <!-- Deprecated since 2.3 -->
  <variable id="Search text field title">Iskanje pomoči za:</variable>
  <!-- Deprecated since 2.3 -->
  <variable id="Search text button title">Išči</variable>
  <!-- Deprecated since 2.3 -->
  <variable id="Online Help Search Method Field">Način iskanja</variable>
  <!-- Deprecated since 2.3 -->
  <variable id="Online Help Search Method Or">ali</variable>
  <!-- Deprecated since 2.3 -->
  <variable id="Online Help Search Method And">in</variable>
  <!-- Deprecated since 2.3 -->
  <variable id="Search Highlight Switch">Poudari besedilo v rezultatih iskanja</variable>
  <!-- Deprecated since 2.3 -->
  <variable id="Search index next button title">Prikaži naslednjo</variable>
  <!-- Deprecated since 2.3 -->
  <variable id="Search Whole Words Switch">Najdi samo cele besede</variable>
  <!-- Deprecated since 2.3 -->
  <variable id="Search Case Sensitive Switch">Ujemanje velikosti</variable>
  <!-- Deprecated since 2.3 -->
  <variable id="Search Stopped Message">Iskanje je bilo ustavljeno po 50 zadetkih.</variable>
  <!-- Deprecated since 2.3 -->
  <variable id="Search Excluded Stop Words Message">"Naslednje besede so izključene iz iskanja: "+<param ref-name="stop-words-list"/></variable>
  <!-- Deprecated since 2.3 -->
  <variable id="Search Search in Progress Message">Iskanje v teku...</variable>
  <!-- Deprecated since 2.3 -->
  <variable id="Search Search Give No Results Message">Ni ujemanj.</variable>
  <variable id="Optional Step">Izbiren:</variable>
  <variable id="Required Step">Zahtevano:</variable>
  <!-- Prereq was "Predzahteva", changing to common string, currently "Preden začnete" -->
  <variable id="Task Prereq"></variable>
  <!-- Context was "O tem opravilu", changing to common string, currently "O tej nalogi" -->
  <variable id="Task Context"></variable>
  <variable id="Task Steps"></variable>
  <variable id="#steps-unordered-label"></variable>
  <variable id="Task Result"></variable>
  <!-- Example was "Primer", changing to common string, currently "Zgled" -->
  <variable id="Task Example"></variable>
  <!-- Postreq was "Kaj storiti zatem", changing to common string, currently "Kako naprej?" -->
  <variable id="Task Postreq"></variable>
  <variable id="Glossary odd footer"/>
  <variable id="Glossary even footer"/>
  <variable id="Glossary odd header"><param ref-name="prodname"/> | <param ref-name="heading"/> | <param ref-name="pagenum"/></variable>
  <variable id="Glossary even header"><param ref-name="pagenum"/> | <param ref-name="heading"/> | <param ref-name="prodname"/></variable>
  <variable id="Glossary">Besednjak</variable>
  <variable id="List of Tables">Seznam tabel</variable>
  <variable id="List of Figures">Seznam slik</variable>

  <variable id="#menucascade-separator"> &gt; </variable>
  <variable id="#quote-start">“</variable>
  <variable id="#quote-end">”</variable>
</vars>